Activity ID,Activity Date,Activity Name,Activity Type,Activity Description,Elapsed Time,Distance,Max Heart Rate,Relative Effort,Commute,Activity Private Note,Activity Gear,Filename,Athlete Weight,Bike Weight,Elapsed Time,Moving Time,Distance,Max Speed,Average Speed,Elevation Gain,Elevation Loss,Elevation Low,Elevation High,Max Grade,Average Grade,Average Positive Grade,Average Negative Grade,Max Cadence,Average Cadence,Max Heart Rate,Average Heart Rate,Max Watts,Average Watts,Calories,Max Temperature,Average Temperature,Relative Effort,Total Work,Number of Runs,Uphill Time,Downhill Time,Other Time,Perceived Exertion,Type,Start Time,Weighted Average Power,Power Count,Prefer Perceived Exertion,Perceived Relative Effort,Commute,Total Weight Lifted,From Upload,Grade Adjusted Distance,Weather Observation Time,Weather Condition,Weather Temperature,Apparent Temperature,Dewpoint,Humidity,Weather Pressure,Wind Speed,Wind Gust,Wind Bearing,Precipitation Intensity,Sunrise Time,Sunset Time,Moon Phase,Bike,Gear,Precipitation Probability,Precipitation Type,Cloud Cover,Weather Visibility,UV Index,Weather Ozone,Jump Count,Total Grit,Average Flow,Flagged,Average Elapsed Speed,Dirt Distance,Newly Explored Distance,Newly Explored Dirt Distance,Activity Count,Total Steps,Carbon Saved,Pool Length,Training Load,Intensity,Average Grade Adjusted Pace,Timer Time,Total Cycles,Recovery,With Pet,Competition,Long Run,For a Cause,With Kid,Downhill Distance,Total Sets,Total Reps,Media
18631345210,"May 24, 2026, 5:31:14 AM",Morning Run,Run,"",5520,16.32,169.0,155,false,,ASICS Superblast 2,activities/19738637611.fit.gz,,,5520.0,5455.0,16319.2,4.74,2.992,48.6,55.8,-3.0,9.2,42.1,-0.1,,,,,169.0,153.0,,241.0,1128.0,,,155.0,,,,,,,,,240.0,5520.0,,,0.0,,1.0,16450.3,,,,,,,,,,,,,,,,26259769.0,,,,,,,,,,,2.956,108.7,,,,15122.0,0.0,,309.0,142.0,3.016,,,,,,,,,,,,media/1A26A05D-3645-48E1-9EAE-2CC1C82133A6.jpg|media/87C1C95B-90E7-4BB8-97E6-0059CD65654F.jpg
18615192488,"May 21, 2026, 7:02:22 AM",Morning Tennis,Workout,,3979,0,188.0,85,false,,,activities/19722133267.fit.gz,,,3979.0,3979.0,0.0,0.0,0.0,0.0,0.0,0.0,0.0,0.0,0.0,,,,,188.0,146.0,,,715.0,,,85.0,,,,,,,,,,,,,0.0,,1.0,,,,,,,,,,,,,,,,,,,,,,,,,,,,0.0,0.0,,,,,0.0,,,,,,,,0.0,,,,,,,,""
18576644447,"May 19, 2026, 5:18:40 PM",Evening Ride,Ride,"",1739,5.98,149.0,5,false,,,activities/19682930578.fit.gz,,9.0,1739.0,554.0,5980.5,15.378,10.795,3.2,4.6,1.9,5.3,20.0,0.0,,,,,149.0,133.0,,232.0,158.0,,,5.0,,,,,,,,,,,,,0.0,,1.0,,,,,,,,,,,,,,,,,,,,,,,,,,,,3.439,172.5,,,,,0.0,,,,,,,,,,,,,,,,""
18576644428,"May 19, 2026, 4:02:23 PM",Evening Tennis,Workout,,4120,0,194.0,68,false,,,activities/19682930579.fit.gz,,,4120.0,4120.0,0.0,0.0,0.0,0.0,0.0,0.0,0.0,0.0,0.0,,,,,194.0,136.0,,,627.0,,,68.0,,,,,,,,,,,,,0.0,,1.0,,,,,,,,,,,,,,,,,,,,,,,,,,,,0.0,0.0,,,,,0.0,,,,,,,,0.0,,,,,,,,""
18550287913,"May 17, 2026, 6:02:34 PM",Evening Tennis,Workout,,4188,0,181.0,77,false,,,activities/19656338821.fit.gz,,,4188.0,4188.0,0.0,0.0,0.0,0.0,0.0,0.0,0.0,0.0,0.0,,,,,181.0,143.0,,,752.0,,,77.0,,,,,,,,,,,,,0.0,,1.0,,,,,,,,,,,,,,,,,,,,,,,,,,,,0.0,0.0,,,,,0.0,,,,,,,,0.0,,,,,,,,""
18540950973,"May 17, 2026, 8:02:49 AM",Morning Football (Soccer),Football (Soccer),,4444,0,196.0,183,false,,,activities/19646853639.fit.gz,,,4444.0,4444.0,0.0,0.0,0.0,0.0,0.0,0.0,0.0,0.0,0.0,,,,,196.0,162.0,,,952.0,,,183.0,,,,,,,,,,,,,0.0,,1.0,,,,,,,,,,,,,,,,,,,,,,,,,,,,0.0,0.0,,,,,0.0,,,,,,,,0.0,,,,,,,,""
18498340631,"May 13, 2026, 4:39:45 AM",Morning Run,Run,,3458,11.02,177.0,133,false,,ASICS Superblast 2,activities/19603785175.fit.gz,,,3458.0,3408.0,11023.5,5.54,3.235,28.6,35.8,-4.0,8.2,32.5,-0.1,,,,,177.0,161.0,,261.0,762.0,,,133.0,,,,,,,,,259.0,3460.0,,,0.0,,1.0,11120.7,,,,,,,,,,,,,,,,26259769.0,,,,,,,,,,,3.188,2148.6,,,,9662.0,0.0,,225.0,153.0,3.263,,,,,,,,,,,,""
18498340208,"May 12, 2026, 4:05:42 PM",Evening Tennis,Workout,,3504,0,193.0,90,false,,,activities/19603784779.fit.gz,,,3504.0,3504.0,0.0,0.0,0.0,0.0,0.0,0.0,0.0,0.0,0.0,,,,,193.0,150.0,,,678.0,,,90.0,,,,,,,,,,,,,0.0,,1.0,,,,,,,,,,,,,,,,,,,,,,,,,,,,0.0,0.0,,,,,0.0,,,,,,,,0.0,,,,,,,,""
18472005090,"May 11, 2026, 4:50:18 AM",Morning Run,Run,,3735,11.25,168.0,104,false,,ASICS Superblast 2,activities/19577251303.fit.gz,,,3735.0,3694.0,11249.7,5.48,3.045,36.4,36.8,1.6,9.2,15.6,0.0,,,,,168.0,152.0,,246.0,777.0,,,104.0,,,,,,,,,244.0,3736.0,,,0.0,,1.0,11332.9,,,,,,,,,,,,,,,,26259769.0,,,,,,,,,,,3.012,61.5,,,,10240.0,0.0,,215.0,144.0,3.068,,,,,,,,,,,,""
18393899016,"May 5, 2026, 3:51:40 PM",Afternoon Tennis,Workout,,4688,0,182.0,44,false,,,activities/19498360847.fit.gz,,,4688.0,4688.0,0.0,0.0,0.0,0.0,0.0,0.0,0.0,0.0,0.0,,,,,182.0,122.0,,,587.0,,,44.0,,,,,,,,,,,,,0.0,,1.0,,,,,,,,,,,,,,,,,,,,,,,,,,,,0.0,0.0,,,,,0.0,,,,,,,0.0,0.0,,,,0.0,,,,""
18393899038,"May 4, 2026, 5:14:54 AM",Morning Run,Run,,2577,7.50,160.0,54,false,,ASICS Superblast 2,activities/19498360851.fit.gz,,,2577.0,2560.0,7500.5,4.6,2.93,19.4,24.6,-4.6,6.4,49.3,-0.1,,,,,160.0,146.0,,241.0,520.0,,,54.0,,,,,,,,,238.0,2578.0,,,0.0,,1.0,7542.9,,,,,,,,,,,,,,,,26259769.0,,,,,,,,,,,2.911,2326.9,,,,7000.0,0.0,,142.0,141.0,2.946,,,,,,,,,,,,""
18367498088,"May 2, 2026, 7:30:58 AM",Morning Run,Run,,268,0.71,162.0,7,false,,ASICS Superblast 2,activities/19471761008.fit.gz,,,268.0,265.0,715.7,3.4,2.701,5.4,6.0,-3.2,2.2,5.1,-0.2,,,,,162.0,152.0,,222.0,56.0,,,7.0,,,,,,,,,210.0,269.0,,,0.0,,1.0,725.5,,,,,,,,,,,,,,,,26259769.0,,,,,,,,,,,2.67,0.0,,,,738.0,0.0,,11.0,124.0,2.738,,,,,,,,,,,,""
18367498096,"May 2, 2026, 7:03:37 AM",Morning Run,Run,,1364,4.96,205.0,94,false,,ASICS Superblast 2,activities/19471761004.fit.gz,,,1364.0,1364.0,4966.9,5.3,3.641,8.0,13.2,-6.6,-1.2,3.7,-0.1,,,,,205.0,185.0,,294.0,351.0,,,94.0,,,,,,,,,294.0,1365.0,,,0.0,,1.0,4978.8,,,,,,,,,,,,,,,,26259769.0,,,,,,,,,,,3.641,3284.0,,,,3844.0,0.0,,114.0,174.0,3.65,,,,,,,,,,,,""
18367498098,"May 2, 2026, 6:23:02 AM",Morning Run,Run,,1740,4.13,159.0,34,false,,ASICS Superblast 2,activities/19471761039.fit.gz,,,1740.0,1463.0,4130.6,4.6,2.823,7.4,23.0,-10.2,6.2,10.0,-0.4,,,,,159.0,147.0,,231.0,278.0,,,34.0,,,,,,,,,230.0,1465.0,,,0.0,,1.0,4160.1,,,,,,,,,,,,,,,,26259769.0,,,,,,,,,,,2.374,0.0,,,,3966.0,0.0,,75.0,136.0,2.844,,,,,,,,,,,,""
18367498259,"Apr 29, 2026, 4:22:31 AM",Morning Run,Run,,3205,9.68,167.0,98,false,,ASICS Superblast 2,activities/19471761084.fit.gz,,,3205.0,3184.0,9686.1,4.3,3.042,25.6,36.2,-6.0,5.0,20.9,-0.1,,,,,167.0,155.0,,244.0,669.0,,,98.0,,,,,,,,,243.0,3205.0,,,0.0,,1.0,9728.7,,,,,,,,,,,,,,,,26259769.0,,,,,,,,,,,3.022,261.6,,,,8892.0,0.0,,184.0,144.0,3.055,,,,,,,,,,,,""
18280821644,"Apr 26, 2026, 12:05:13 PM",Afternoon Tennis,Workout,,5472,0,174.0,54,false,,,activities/19384216758.fit.gz,,,5472.0,5472.0,0.0,0.0,0.0,0.0,0.0,0.0,0.0,0.0,0.0,,,,,174.0,133.0,,,862.0,,,54.0,,,,,,,,,,,,,0.0,,1.0,,,,,,,,,,,,,,,,,,,,,,,,,,,,0.0,0.0,,,,,0.0,,,,,,,0.0,0.0,,,,0.0,,,,""
18234167997,"Apr 23, 2026, 4:59:46 AM",Morning Run,Run,,3222,10.40,190.0,132,false,,ASICS Superblast 2,activities/19337027171.fit.gz,,,3222.0,3202.0,10407.4,6.44,3.25,13.0,18.0,-3.4,4.0,7.4,0.0,,,,,190.0,163.0,,267.0,722.0,,,132.0,,,,,,,,,273.0,3221.0,,,0.0,,1.0,10437.1,,,,,,,,,,,,,,,,26259769.0,,,,,,,,,,,3.23,278.2,,,,8652.0,0.0,,234.0,162.0,3.26,,,,,,,,,,,,""
18207496234,"Apr 21, 2026, 3:59:11 PM",Afternoon Tennis,Workout,,3861,0,195.0,97,false,,,activities/19310183476.fit.gz,,,3861.0,3861.0,0.0,0.0,0.0,0.0,0.0,0.0,0.0,0.0,0.0,,,,,195.0,147.0,,,683.0,,,97.0,,,,,,,,,,,,,0.0,,1.0,,,,,,,,,,,,,,,,,,,,,,,,,,,,0.0,0.0,,,,,0.0,,,,,,,0.0,0.0,,,,0.0,,,,""
18188567722,"Apr 20, 2026, 5:51:38 AM",Morning Run,Run,,3034,9.22,165.0,85,false,,ASICS Superblast 2,activities/19291153741.fit.gz,,,3034.0,3022.0,9222.5,5.58,3.052,18.8,25.4,0.0,7.4,11.0,0.0,,,,,165.0,153.0,,249.0,637.0,,,85.0,,,,,,,,,247.0,3034.0,,,0.0,,1.0,9261.2,,,,,,,,,,,,,,,,26259769.0,,,,,,,,,,,3.04,1385.6,,,,8220.0,0.0,,179.0,146.0,3.065,,,,,,,,,,,,""
18116216469,"Apr 15, 2026, 9:42:32 AM",Morning Run,Run,,2454,7.62,190.0,118,false,,ASICS Superblast 2,activities/19218124717.fit.gz,,,2454.0,2332.0,7622.3,7.86,3.269,55.8,50.6,10.0,28.4,32.9,0.1,,,,,190.0,168.0,,261.0,542.0,,,118.0,,,,,,,,,256.0,2454.0,,,0.0,,1.0,7800.9,,,,,,,,,,,,,,,,26259769.0,,,,,,,,,,,3.106,0.0,,,,6482.0,0.0,,155.0,151.0,3.345,,,,,,,,,,,,""
18078129242,"Apr 12, 2026, 9:58:58 AM",Morning Run,Run,"",4911,14.35,181.0,152,false,,ASICS Superblast 2,activities/19179727098.fit.gz,,,4911.0,4637.0,14349.3,5.541,3.095,150.6,152.8,5.4,40.4,47.6,0.0,,,,,181.0,156.0,,255.0,1034.0,,,152.0,,,,,,,,,250.0,4912.0,,,0.0,,1.0,14855.9,,,,,,,,,,,,,,,,26259769.0,,,,,,,,,,,2.922,2156.7,,,,12800.0,0.0,,298.0,148.0,3.204,,,0.0,0.0,,,,0.0,,,,media/7365E998-282D-403C-981F-97F91D5F2AC5.jpg|media/25936D76-9B1D-47D5-A682-75367E11E09F.jpg
18058453090,"Apr 10, 2026, 10:08:25 AM",Morning Run,Run,"",4181,10.58,180.0,117,false,,ASICS Superblast 2,activities/19159805527.fit.gz,,,4181.0,3503.0,10586.2,7.24,3.022,132.8,137.0,-5.0,41.8,45.7,0.0,,,,,180.0,157.0,,257.0,766.0,,,117.0,,,,,,,,,241.0,4180.0,,,0.0,,1.0,10950.9,,,,,,,,,,,,,,,,26259769.0,,,,,,,,,,,2.532,17.9,,,,9542.0,0.0,,236.0,143.0,3.126,,,0.0,0.0,,,,0.0,,,,media/0DAAEBD6-CDA4-42E4-B8D6-4DAD3A0DF917.jpg|media/EF3FE83A-A996-467A-9A94-A389069251FC.jpg
17993888189,"Apr 5, 2026, 6:43:50 AM",Morning Run,Run,,2694,8.61,187.0,127,false,,ASICS Superblast 2,activities/19094466903.fit.gz,,,2694.0,2680.0,8613.5,4.72,3.214,24.0,26.0,-3.0,4.6,13.9,0.0,,,,,187.0,166.0,,256.0,597.0,,,127.0,,,,,,,,,256.0,2695.0,,,0.0,,1.0,8669.4,,,,,,,,,,,,,,,,26259769.0,,,,,,,,,,,3.197,1362.4,,,,7476.0,0.0,,171.0,151.0,3.235,,,,,,,,,,,,""
17961602044,"Apr 3, 2026, 11:03:44 AM",Afternoon Tennis,Workout,,4820,0,190.0,120,false,,,activities/19061837670.fit.gz,,,4820.0,4820.0,0.0,0.0,0.0,0.0,0.0,0.0,0.0,0.0,0.0,,,,,190.0,149.0,,,832.0,,,120.0,,,,,,,,,,,,,0.0,,1.0,,,,,,,,,,,,,,,,,,,,,,,,,,,,0.0,0.0,,,,,0.0,,,,,,,,,,,,,,,,""
17910820471,"Mar 30, 2026, 6:57:37 AM",Morning Tennis,Workout,,3993,0,158.0,23,false,,,activities/19010724369.fit.gz,,,3993.0,3993.0,0.0,0.0,0.0,0.0,0.0,0.0,0.0,0.0,0.0,,,,,158.0,125.0,,,534.0,,,23.0,,,,,,,,,,,,,0.0,,1.0,,,,,,,,,,,,,,,,,,,,,,,,,,,,0.0,0.0,,,,,0.0,,,,,,,,,,,,,,,,""
17889953203,"Mar 28, 2026, 12:04:29 PM",Lunch Tennis,Workout,,5292,0,175.0,36,false,,,activities/18989578118.fit.gz,,,5292.0,5292.0,0.0,0.0,0.0,0.0,0.0,0.0,0.0,0.0,0.0,,,,,175.0,127.0,,,699.0,,,36.0,,,,,,,,,,,,,0.0,,1.0,,,,,,,,,,,,,,,,,,,,,,,,,,,,0.0,0.0,,,,,0.0,,,,,,,,,,,,,,,,""
17873036805,"Mar 26, 2026, 5:59:31 AM",Morning Run,Run,,3039,9.36,175.0,122,false,,ASICS Superblast 2,activities/18972544164.fit.gz,,,3039.0,3017.0,9364.1,4.16,3.104,23.0,31.6,0.2,12.4,43.8,-0.1,,,,,175.0,162.0,,255.0,656.0,,,122.0,,,,,,,,,254.0,3040.0,,,0.0,,1.0,9438.6,,,,,,,,,,,,,,,,26259769.0,,,,,,,,,,,3.081,1341.9,,,,8330.0,0.0,,190.0,150.0,3.128,,,,,,,,,,,,""
17849168681,"Mar 24, 2026, 5:07:14 PM",Evening Tennis,Workout,"",6317,0,200.0,107,false,,,activities/18948634983.fit.gz,,,6317.0,6317.0,0.0,0.0,0.0,0.0,0.0,0.0,0.0,0.0,0.0,,,,,200.0,138.0,,,946.0,,,107.0,,,,,,,,,,,,,0.0,,1.0,,,,,,,,,,,,,,,,,,,,,,,,,,,,0.0,0.0,,,,,0.0,,,,,,,0.0,0.0,,,,0.0,,,,""
17849168692,"Mar 24, 2026, 4:35:19 PM",Afternoon Ride,Ride,"",1418,5.66,157.0,17,false,,,activities/18948634989.fit.gz,,9.0,1418.0,1349.0,5663.6,8.68,4.198,18.0,18.6,-0.4,4.6,30.5,-0.1,,,,,157.0,137.0,,70.0,148.0,,,17.0,,,,,,,,,,,,,0.0,,1.0,,,,,,,,,,,,,,,,,,,,,,,,,,,,3.994,0.0,,,,,0.0,,,,,,,0.0,0.0,,,,0.0,,,,""
17811802213,"Mar 22, 2026, 5:50:44 AM",Morning Run,Run,,4644,13.70,173.0,154,false,,ASICS Superblast 2,activities/18911052832.fit.gz,,,4644.0,4603.0,13704.5,4.717,2.977,38.2,42.0,-2.2,4.4,21.0,0.0,,,,,173.0,157.0,,242.0,945.0,,,154.0,,,,,,,,,240.0,4645.0,,,0.0,,1.0,13810.6,,,,,,,,,,,,,,,,26259769.0,,,,,,,,,,,2.951,126.2,,,,12660.0,0.0,,260.0,142.0,3.0,,,,,,,,,,,,""
17734853914,"Mar 15, 2026, 7:07:46 AM",Morning Run,Run,,3264,10.00,174.0,123,false,,ASICS Superblast 2,activities/18833632434.fit.gz,,,3264.0,3204.0,10000.0,4.373,3.121,26.0,33.0,-5.8,4.6,45.9,-0.1,,,,,174.0,161.0,,252.0,719.0,,,123.0,,,,,,,,,250.0,3266.0,,,0.0,,1.0,10072.1,,,,,,,,,,,,,,,,26259769.0,,,,,,,,,,,3.064,123.1,,,,8800.0,0.0,,198.0,148.0,3.144,,,,,,,,,,,,""
17734853308,"Mar 10, 2026, 4:42:33 PM",Afternoon Ride,Ride,,1276,5.10,164.0,7,false,,,activities/18833632044.fit.gz,,9.0,1276.0,580.0,5099.5,15.967,8.792,2.2,4.2,0.8,5.4,7.7,0.0,,,,,164.0,139.0,,196.0,112.0,,,7.0,,,,,,,,,,,,,0.0,,1.0,,,,,,,,,,,,,,,,,,,,,,,,,,,,3.996,0.0,,,,,0.0,,,,,,,,,,,,,,,,""
17656521402,"Mar 9, 2026, 5:49:00 AM",Morning Run,Run,"",3219,9.35,161.0,84,false,,ASICS Superblast 2,activities/18754828206.fit.gz,,,3219.0,3120.0,9356.0,5.3,2.999,29.8,30.2,-0.8,8.4,49.6,0.0,,,,,161.0,152.0,,243.0,672.0,,,84.0,,,,,,,,,239.0,3220.0,,,0.0,,1.0,9475.6,,,,,,,,,,,,,,,,26259769.0,,,,,,,,,,,2.907,57.2,,,,8684.0,0.0,,178.0,141.0,3.037,,,0.0,0.0,,,,0.0,,,,media/506C7407-76B6-447C-823E-B3E2D64A9917.jpg
17655996937,"Mar 7, 2026, 9:33:30 AM",Morning Ride,Ride,,895,3.94,160.0,9,false,,,activities/18754295794.fit.gz,,9.0,895.0,418.0,3939.2,16.0,9.424,0.0,2.4,2.8,5.3,5.7,0.0,,,,,160.0,146.0,,251.0,71.0,,,9.0,,,,,,,,,,,,,0.0,,1.0,,,,,,,,,,,,,,,,,,,,,,,,,,,,4.401,0.0,,,,,0.0,,,,,,,,,,,,,,,,""
17655996963,"Mar 7, 2026, 9:09:54 AM",Morning Run,Run,,1202,3.29,162.0,25,false,,ASICS Superblast 2,activities/18754295899.fit.gz,,,1202.0,1176.0,3293.0,3.74,2.8,5.4,14.6,-6.0,4.0,6.2,-0.3,,,,,162.0,149.0,,222.0,250.0,,,25.0,,,,,,,,,220.0,1203.0,,,0.0,,1.0,3290.2,,,,,,,,,,,,,,,,26259769.0,,,,,,,,,,,2.74,0.0,,,,3224.0,0.0,,56.0,130.0,2.798,,,,,,,,,,,,""
17655996867,"Mar 7, 2026, 8:03:23 AM",Morning Run,Run,,1291,4.95,200.0,90,false,,ASICS Superblast 2,activities/18754295758.fit.gz,,,1291.0,1288.0,4951.9,5.04,3.845,4.6,13.8,-7.4,1.8,3.2,-0.2,,,,,200.0,186.0,,312.0,348.0,,,90.0,,,,,,,,,309.0,1292.0,,,0.0,,1.0,4952.4,,,,,,,,,,,,,,,,26259769.0,,,,,,,,,,,3.836,3320.7,,,,3626.0,0.0,,120.0,183.0,3.845,,,,,,,,,,,,""
17655996869,"Mar 7, 2026, 7:25:12 AM",Morning Run,Run,,1213,3.53,153.0,28,false,,ASICS Superblast 2,activities/18754295770.fit.gz,,,1213.0,1186.0,3536.1,5.453,2.982,4.4,20.0,-11.2,5.2,11.5,-0.5,,,,,153.0,147.0,,234.0,247.0,,,28.0,,,,,,,,,232.0,1214.0,,,0.0,,1.0,3540.3,,,,,,,,,,,,,,,,26259769.0,,,,,,,,,,,2.915,0.0,,,,3312.0,0.0,,63.0,137.0,2.985,,,,,,,,,,,,""
17655996813,"Mar 4, 2026, 5:58:45 AM",Morning Yoga,Yoga,,3980,0,145.0,9,false,,,activities/18754295734.fit.gz,,,3980.0,3980.0,0.0,0.0,0.0,0.0,0.0,0.0,0.0,0.0,0.0,,,,,145.0,94.0,,,292.0,,,9.0,,,,,,,,,,,,,0.0,,1.0,,,,,,,,,,,,,,,,,,,,,,,,,,,,0.0,0.0,,,,,0.0,,,,,,,,,,,,,,,,""
17655996823,"Mar 3, 2026, 6:31:41 PM",Evening Ride,Ride,,651,2.55,154.0,3,false,,,activities/18754295741.fit.gz,,9.0,651.0,284.0,2552.6,16.489,8.988,0.0,0.0,0.0,1.0,38.5,0.0,,,,,154.0,138.0,,155.0,44.0,,,3.0,,,,,,,,,,,,,0.0,,1.0,,,,,,,,,,,,,,,,,,,,,,,,,,,,3.921,0.0,,,,,0.0,,,,,,,,,,,,,,,,""
17655996842,"Mar 2, 2026, 6:00:02 AM",Morning Run,Run,,3664,11.23,175.0,145,false,,ASICS Superblast 2,activities/18754295738.fit.gz,,,3664.0,3627.0,11230.8,4.48,3.096,36.2,49.6,-9.2,8.0,35.3,-0.1,,,,,175.0,162.0,,251.0,778.0,,,145.0,,,,,,,,,249.0,3665.0,,,0.0,,1.0,11286.0,,,,,,,,,,,,,,,,26259769.0,,,,,,,,,,,3.065,63.0,,,,9986.0,0.0,,220.0,147.0,3.112,,,,,,,,,,,,""
17655996791,"Mar 1, 2026, 5:09:03 PM",Evening Hike,Hike,,46226,2.83,123.0,2,false,,,activities/18754295686.fit.gz,,,46226.0,1282.0,2836.1,6.206,2.212,0.0,2.4,2.8,5.3,3.0,-0.1,,,,,123.0,92.0,,,195.0,,,2.0,,,,,,,,,,,,,0.0,,1.0,,,,,,,,,,,,,,,,,,,,,,,,,,,,0.061,0.0,,,,2728.0,0.0,,,,,,2728.0,,,,,,,,,,""
17560517896,"Feb 28, 2026, 8:04:08 AM",Morning Run,Run,,1430,4.92,202.0,94,false,,ASICS Superblast 2,activities/18658212105.fit.gz,,,1430.0,1395.0,4923.1,5.06,3.529,2.4,8.6,-7.2,-0.4,24.3,-0.1,,,,,202.0,184.0,,287.0,346.0,,,94.0,,,,,,,,,285.0,1431.0,,,0.0,,1.0,4920.7,,,,,,,,,,,,,,,,26259769.0,,,,,,,,,,,3.443,3289.5,,,,3908.0,0.0,,113.0,169.0,3.527,,,,,,,,,,,,""
17560517848,"Feb 28, 2026, 7:25:46 AM",Morning Run,Run,,2292,3.88,162.0,39,false,,ASICS Superblast 2,activities/18658212082.fit.gz,,,2292.0,1430.0,3886.3,4.46,2.718,9.2,17.8,-14.2,5.8,46.1,-0.2,,,,,162.0,152.0,,224.0,262.0,,,39.0,,,,,,,,,217.0,1600.0,,,0.0,,1.0,4002.8,,,,,,,,,,,,,,,,26259769.0,,,,,,,,,,,1.696,121.1,,,,3854.0,0.0,,73.0,128.0,2.799,,,,,,,,,,,,""
17532657875,"Feb 23, 2026, 7:14:22 AM",Morning Run,Run,,1891,6.43,191.0,109,false,,ASICS Superblast 2,activities/18630155356.fit.gz,,,1891.0,1862.0,6438.9,4.78,3.458,17.2,22.0,2.0,9.0,40.2,-0.1,,,,,191.0,175.0,,282.0,453.0,,,109.0,,,,,,,,,280.0,1890.0,,,0.0,,1.0,6469.1,,,,,,,,,,,,,,,,26259769.0,,,,,,,,,,,3.405,0.0,,,,5182.0,0.0,,144.0,166.0,3.474,,,,,,,,,,,,""
17424256534,"Feb 16, 2026, 12:39:43 PM",Afternoon Run,Run,,2690,8.69,182.0,130,false,,ASICS Superblast 2,activities/18521301321.fit.gz,,,2690.0,2655.0,8689.3,5.0,3.273,15.6,23.0,-4.0,4.0,14.3,-0.1,,,,,182.0,167.0,,265.0,605.0,,,130.0,,,,,,,,,263.0,2689.0,,,0.0,,1.0,8718.3,,,,,,,,,,,,,,,,26259769.0,,,,,,,,,,,3.23,1595.7,,,,7358.0,0.0,,181.0,156.0,3.284,,,,,,,,,,,,""
17424256408,"Feb 12, 2026, 4:33:52 PM",Morning Walk,Walk,,1074,1.34,110.0,1,false,,,activities/18521301307.fit.gz,,,1074.0,856.0,1341.2,6.043,1.567,0.0,10.6,1216.6,1227.2,2.0,-0.8,,,,,110.0,93.0,,,65.0,,,1.0,,,,,,,,,,,,,0.0,,1.0,,,,,,,,,,,,,,,,,,,,,,,,,,,,1.249,644.4,,,,842.0,0.0,,,,,,,,,,,,,,,,""
17308162150,"Feb 6, 2026, 4:28:12 PM",Morning Run,Run,"",3406,8.51,178.0,84,false,,ASICS Superblast 2,activities/18404469702.fit.gz,,,3406.0,3004.0,8509.5,4.413,2.833,197.6,204.4,-1.4,50.4,49.7,-0.1,,,,,178.0,154.0,,239.0,654.0,,,84.0,,,,,,,,,236.0,3336.0,,,0.0,,1.0,9335.8,,,,,,,,,,,,,,,,26259769.0,,,,,,,,,,,2.498,807.6,,,,8532.0,0.0,,181.0,140.0,3.108,,,0.0,0.0,,,,0.0,,,,media/67FEDC91-1664-4EB0-BE9E-E323077CBB56.jpg|media/AE5134DC-29A4-4D2C-B90B-2FB7D43E7BF4.jpg
17241100325,"Jan 31, 2026, 4:50:50 PM",Morning Run,Run,"",2745,7.61,189.0,117,false,,ASICS Superblast 2,activities/18336860905.fit.gz,,,2745.0,2553.0,7609.5,8.41,2.981,113.2,121.2,8.0,54.4,47.1,-0.1,,,,,189.0,167.0,,250.0,591.0,,,117.0,,,,,,,,,248.0,2746.0,,,0.0,,1.0,8017.4,,,,,,,,,,,,,,,,26259769.0,,,,,,,,,,,2.772,0.0,,,,7154.0,0.0,,164.0,147.0,3.14,,,0.0,0.0,,,,0.0,,,,media/E3A55544-74B3-4D6B-9071-938EA7E61E81.jpg
17174396082,"Jan 25, 2026, 2:50:51 PM",Morning Run,Run,,4273,11.53,181.0,128,false,,ASICS Superblast 2,activities/18269708736.fit.gz,,,4273.0,4042.0,11538.6,4.77,2.855,172.0,147.2,37.4,89.4,46.9,0.2,,,,,181.0,157.0,,240.0,849.0,,,128.0,,,,,,,,,239.0,4275.0,,,0.0,,1.0,12044.6,,,,,,,,,,,,,,,,26259769.0,,,,,,,,,,,2.7,1408.0,,,,11032.0,0.0,,236.0,141.0,2.98,,,,,,,,,,,,""
17085319039,"Jan 17, 2026, 7:57:13 AM",Morning Run,Run,,4358,13.22,175.0,179,false,,ASICS Superblast 2,activities/18179845152.fit.gz,,,4358.0,4350.0,13222.7,4.48,3.04,41.4,52.0,-3.8,6.8,15.0,-0.1,,,,,175.0,163.0,,244.0,912.0,,,179.0,,,,,,,,,244.0,4359.0,,,0.0,,1.0,13290.3,,,,,,,,,,,,,,,,26259769.0,,,,,,,,,,,3.034,39.8,,,,11982.0,0.0,,251.0,144.0,3.055,,,,,,,,,,,,""
17085318944,"Jan 14, 2026, 6:12:24 AM",Morning Run,Run,,2663,8.03,166.0,77,false,,ASICS Superblast 2,activities/18179845032.fit.gz,,,2663.0,2649.0,8033.0,5.86,3.032,7.6,13.2,-2.0,4.4,27.0,-0.1,,,,,166.0,155.0,,249.0,556.0,,,77.0,,,,,,,,,248.0,2664.0,,,0.0,,1.0,8046.4,,,,,,,,,,,,,,,,26259769.0,,,,,,,,,,,3.017,646.5,,,,7254.0,0.0,,159.0,147.0,3.038,,,,,,,,,,,,""
16936331738,"Jan 4, 2026, 1:39:33 PM",Afternoon Run,Run,,2236,6.85,168.0,72,false,,ASICS Superblast 2,activities/18029485534.fit.gz,,,2236.0,2192.0,6851.1,4.82,3.125,27.4,30.0,-0.8,6.6,15.9,0.0,,,,,168.0,158.0,,249.0,483.0,,,72.0,,,,,,,,,249.0,2237.0,,,0.0,,1.0,6901.0,,,,,,,,,,,,,,,,26259769.0,,,,,,,,,,,3.064,1061.9,,,,6136.0,0.0,,134.0,147.0,3.148,,,,,,,,,,,,""
16841809481,"Dec 26, 2025, 7:42:08 AM",Morning Run,Run,,2943,9.33,183.0,148,false,,ASICS Superblast 2,activities/17933496809.fit.gz,,,2943.0,2930.0,9334.4,4.736,3.186,24.4,25.4,2.6,12.0,22.4,0.0,,,,,183.0,167.0,,259.0,665.0,,,148.0,,,,,,,,,258.0,2942.0,,,0.0,,1.0,9423.0,,,,,,,,,,,,,,,,26259769.0,,,,,,,,,,,3.172,1353.7,,,,8066.0,0.0,,190.0,153.0,3.216,,,,,,,,,,,,""
16777822581,"Dec 18, 2025, 7:09:22 AM",Morning Run,Run,,1611,5.20,188.0,92,false,,ASICS Superblast 2,activities/17868541953.fit.gz,,,1611.0,1592.0,5206.0,4.6,3.27,7.4,12.6,3.4,14.6,16.4,-0.2,,,,,188.0,173.0,,270.0,374.0,,,92.0,,,,,,,,,269.0,1609.0,,,0.0,,1.0,5238.6,,,,,,,,,,,,,,,,26259769.0,,,,,,,,,,,3.232,0.0,,,,4382.0,0.0,,113.0,159.0,3.291,,,,,,,,,,,,""
16728242540,"Dec 12, 2025, 3:18:46 PM",Afternoon Run,Run,,1565,4.97,,,false,,ASICS Superblast 2,activities/17818376112.fit.gz,,,1565.0,1565.0,4977.4,4.281,3.18,6.8,6.0,1.0,6.0,3.1,0.0,,,,,,,,,340.0,,,,,,,,,,,,,,,,0.0,,1.0,4977.4,,,,,,,,,,,,,,,,26259769.0,,,,,,,,,,,3.18,3.7,,,,,0.0,,,,3.18,,,,,,,,,,,,""
16709895319,"Dec 10, 2025, 11:35:32 AM",Morning Run,Run,,2021,6.04,143.0,12,false,,ASICS Superblast 2,activities/17799768563.fit.gz,,,2021.0,2021.0,6041.8,3.76,2.99,0.0,0.0,0.0,0.0,0.0,0.0,,,,,143.0,132.0,,,414.0,,,12.0,,,,,,,,,,,,,0.0,,1.0,6041.8,,,,,,,,,,,,,,,,26259769.0,,,,,,,,,,,2.99,0.0,,,,5388.0,0.0,,,,,,,,,,,,,,,,""
16573910475,"Nov 26, 2025, 6:39:08 AM",Morning Run,Run,,2641,7.86,156.0,48,false,,ASICS Superblast 2,activities/17661636564.fit.gz,,,2641.0,2588.0,7867.6,4.28,3.04,13.2,17.8,-3.6,6.8,9.1,-0.1,,,,,156.0,144.0,,243.0,536.0,,,48.0,,,,,,,,,241.0,2639.0,,,0.0,,1.0,7884.9,,,,,,,,,,,,,,,,26259769.0,,,,,,,,,,,2.979,1478.1,,,,7082.0,0.0,,149.0,143.0,3.047,,,,,,,,,,,,""
16402436954,"Nov 9, 2025, 7:16:13 AM",French Riviera Nice-Cannes Marathon with Runna ✅,Run,"French Riviera Nice-Cannes Marathon Plan (Week 23/23)

Marathon race at 5:10-5:20/km",12560,42.37,201.0,766,false,,ASICS Superblast 2,activities/17488438203.fit.gz,,,12560.0,12538.0,42376.2,5.26,3.38,103.4,108.7,3.2,34.3,13.0,0.0,,,97.0,84.0,201.0,177.0,,274.0,3119.0,,,766.0,,,,,,,,,275.0,12540.0,,,0.0,,1.0,42516.4,,,,,,,,,,,,,,,,26259769.0,,,,,,,,,,,3.374,0.0,,,,,0.0,,923.0,163.0,3.391,,,,,,,,,,,,media/84a67883-b4b3-4007-b16d-64f1a9bbb965.jpg
16359938183,"Nov 5, 2025, 6:00:00 AM",Taper Up & Overs,Run,"French Riviera Nice-Cannes Marathon Plan (Week 23/23)

2km warm up at a conversational pace (no faster than 5:25/km), keeping things easy

1km at 5:15/km

2km at a conversational pace

1km at 5:15/km

1.5km cool down at a conversational pace (or slower!) with Runna.",2316,7.21,173.0,50,false,,ASICS Superblast 2,activities/17445577908.fit.gz,,,2316.0,2274.0,7214.4,5.46,3.173,15.7,15.6,0.4,6.7,11.8,0.0,,,105.0,83.0,173.0,148.0,,253.0,497.0,,,50.0,,,,,,,,,251.0,2312.0,,,0.0,,1.0,7240.5,,,,,,,,,,,,,,,,26259769.0,,,,,,,,,,,3.115,1573.0,,,,,0.0,,142.0,149.0,3.184,,,0.0,,,,,,,,,media/65EE1111-8E2C-481B-8F4A-608E66BBA45D.jpg|media/F0B2DA45-24EA-4C5A-861C-D92394670B0A.jpg
16329173178,"Nov 2, 2025, 8:35:47 AM",13km Long Run,Run,"French Riviera Nice-Cannes Marathon Plan (Week 22/23)

13km at a conversational pace with Runna.",4411,14.00,164.0,122,false,,ASICS Superblast 2,activities/17414453546.fit.gz,,,4411.0,4379.0,14008.9,4.82,3.199,8.7,6.7,0.9,5.5,13.0,0.0,,,90.0,83.0,164.0,152.0,,259.0,969.0,,,122.0,,,,,,,,,258.0,4408.0,,,0.0,,1.0,14030.6,,,,,,,,,,,,,,,,26259769.0,,,,,,,,,,,3.176,83.7,,,,,0.0,,285.0,153.0,3.204,,,,,,,,,,,,media/2932c3fc-2960-4029-b053-d27c88b0b582.jpg
16309019767,"Oct 31, 2025, 6:12:27 AM",10km Easy Run,Run,"French Riviera Nice-Cannes Marathon Plan (Week 22/23)

10km easy run at a conversational pace (no faster than 5:25/km). This is a limit, not a target - run at whatever pace feels truly easy! with Runna.",3246,10.01,168.0,87,false,,ASICS Superblast 2,activities/17393946578.fit.gz,,,3246.0,3185.0,10012.5,4.44,3.144,8.9,9.4,0.4,5.0,7.8,0.0,,,101.0,82.0,168.0,153.0,,254.0,690.0,,,87.0,,,,,,,,,251.0,3240.0,,,0.0,,1.0,10027.8,,,,,,,,,,,,,,,,26259769.0,,,,,,,,,,,3.085,1180.5,,,,,0.0,,199.0,149.0,3.148,,,,,,,,,,,,media/06cc097c-b150-4bc8-958b-43f3e9dc6109.jpg
16289038664,"Oct 29, 2025, 6:07:38 AM",Tempo 3km,Run,"French Riviera Nice-Cannes Marathon Plan (Week 22/23)

2km warm up at a conversational pace (no faster than 5:25/km)

3km at 4:25/km (4:15-4:35/km), 150s walking rest

2.5km cool down at a conversational pace (or slower!) with Runna.",2282,7.37,185.0,75,false,,ASICS Superblast 2,activities/17373796357.fit.gz,,,2282.0,2263.0,7372.8,4.98,3.258,11.8,11.7,0.4,6.7,5.0,0.0,,,97.0,81.0,185.0,157.0,,260.0,517.0,,,75.0,,,,,,,,,273.0,2283.0,,,0.0,,1.0,7392.4,,,,,,,,,,,,,,,,26259769.0,,,,,,,,,,,3.231,2701.4,,,,,0.0,,165.0,162.0,3.267,,,,,,,,,,,,media/c8c6b26a-ada4-4b87-88be-57a210eade8b.jpg
16258865013,"Oct 26, 2025, 7:26:14 AM",Sunday Morning Run with Runna ✅,Run,"",6857,21.17,170.0,163,false,,ASICS Superblast 2,activities/17343317419.fit.gz,,,6857.0,6857.0,21173.5,3.167,3.088,0.0,0.0,0.0,0.0,0.0,0.0,,,,,170.0,150.0,,,1977.0,,,163.0,,,,,,,,,,,,,0.0,,1.0,21163.1,,,,,,,,,,,,,,,,26259769.0,,,,,,,,,,,3.088,0.0,,,,,0.0,,,,,,,,,,,,,,,,""
16229049007,"Oct 23, 2025, 5:05:07 AM",11km Easy Run with Runna ✅,Run,"French Riviera Nice-Cannes Marathon Plan (Week 21/23)

11km easy run at a conversational pace (no faster than 11.1kph). This is a limit, not a target - run at whatever pace feels truly easy!",3607,11.01,149.0,62,false,,ASICS Superblast 2,activities/17313221005.fit.gz,,,3607.0,3607.0,11015.3,3.09,3.054,0.0,0.0,0.0,0.0,0.0,0.0,,,,,149.0,144.0,,,1029.0,,,62.0,,,,,,,,,,,,,0.0,,1.0,11006.6,,,,,,,,,,,,,,,,26259769.0,,,,,,,,,,,3.054,0.0,,,,,0.0,,,,,,,,,,,,,,,,media/c941c9d4-ab3b-4d85-a17d-fb9f30849fbf.jpg
16207692528,"Oct 21, 2025, 5:12:57 AM",Under and Overs 2km with Runna ✅,Run,"French Riviera Nice-Cannes Marathon Plan (Week 21/23)

1.5km warm up at a conversational pace (no faster than 11.1kph)

2km at 13.3kph
2km at 11.8kph
2km at 13.3kph, 90s walking rest

1.5km cool down at a conversational pace (or slower!)",2809,9.11,172.0,124,false,,ASICS Superblast 2,activities/17291723970.fit.gz,,,2809.0,2772.0,9113.0,3.7,3.288,0.0,0.0,0.0,0.0,0.0,0.0,,,,,172.0,164.0,,,851.0,,,124.0,,,,,,,,,,,,,0.0,,1.0,9203.1,,,,,,,,,,,,,,,,26259769.0,,,,,,,,,,,3.244,0.0,,,,,0.0,,,,,,,,,,,,,,,,media/452e654f-9289-4e12-89e2-0fd6340df2ce.jpg
16188746887,"Oct 19, 2025, 7:08:45 AM",31km Long Run,Run,"French Riviera Nice-Cannes Marathon Plan (Week 20/23)

31km at a conversational pace with Runna.",9829,31.09,175.0,295,false,,ASICS Superblast 2,activities/17272645685.fit.gz,,,9829.0,9783.0,31095.4,5.8,3.179,37.3,39.3,-3.3,5.2,6.3,0.0,,,93.0,82.0,175.0,154.0,,257.0,2153.0,,,295.0,,,,,,,,,257.0,9817.0,,,0.0,,1.0,31156.5,,,,,,,,,,,,,,,,26259769.0,,,,,,,,,,,3.164,601.7,,,,,0.0,,630.0,152.0,3.185,,,,,,,,,,,,media/e4d5d0d4-a17e-41f4-9bf3-87053a78024d.jpg
16166817716,"Oct 17, 2025, 4:57:05 AM",12km Easy Run,Run,"French Riviera Nice-Cannes Marathon Plan (Week 20/23)

12km easy run at a conversational pace (no faster than 5:25/km). This is a limit, not a target - run at whatever pace feels truly easy! with Runna.",4176,12.76,161.0,100,false,,ASICS Superblast 2,activities/17250448406.fit.gz,,,4176.0,4152.0,12760.8,4.22,3.073,13.5,12.0,1.8,9.1,4.1,0.0,,,86.0,82.0,161.0,149.0,,248.0,878.0,,,100.0,,,,,,,,,247.0,4172.0,,,0.0,,1.0,12788.0,,,,,,,,,,,,,,,,26259769.0,,,,,,,,,,,3.056,57.6,,,,,0.0,,247.0,146.0,3.08,,,,,,,,,,,,media/668ae80a-bea8-4f81-b2e4-a9d056cb70a7.jpg
16145370181,"Oct 15, 2025, 4:51:22 AM",1km Repeats,Run,"French Riviera Nice-Cannes Marathon Plan (Week 20/23)

2.5km warm up at a conversational pace (no faster than 5:25/km), 90s walking rest

6 reps of:
• 1km at 4:20/km (4:10-4:30/km), 90s walking rest

2.5km cool down at a conversational pace (or slower!) with Runna.",3770,11.63,180.0,107,false,,ASICS Superblast 2,activities/17228814558.fit.gz,,,3770.0,3750.0,11633.3,6.5,3.102,17.9,16.5,0.4,6.0,3.8,0.0,,,101.0,79.0,180.0,153.0,,250.0,798.0,,,107.0,,,,,,,,,263.0,3765.0,,,0.0,,1.0,11652.5,,,,,,,,,,,,,,,,26259769.0,,,,,,,,,,,3.086,654.4,,,,,0.0,,253.0,156.0,3.107,,,0.0,,,,,,,,,media/ABF992D6-D40B-43E5-8537-CFC7ADAE41CE.jpg
16114579183,"Oct 12, 2025, 6:53:56 AM",34km Race Practice Long Run,Run,"French Riviera Nice-Cannes Marathon Plan (Week 19/23)

7km at a conversational pace
7km at 5:30/km
18km at 5:15/km (your target Marathon pace)
2km at a conversational pace with Runna.",10809,34.01,180.0,406,false,,ASICS Superblast 2,activities/17197687381.fit.gz,,,10809.0,10744.0,34011.5,6.68,3.166,49.2,49.3,-1.9,11.4,47.1,0.0,,,90.0,82.0,180.0,160.0,,256.0,2408.0,,,406.0,,,,,,,,,257.0,10801.0,,,0.0,,1.0,34144.5,,,,,,,,,,,,,,,,26259769.0,,,,,,,,,,,3.147,962.4,,,,,0.0,,693.0,152.0,3.178,,,,,,,,,,,,media/86d37337-3339-4234-841b-e36e6e1d21e3.jpg
16092466174,"Oct 10, 2025, 5:04:09 AM",11km Easy Run,Run,"French Riviera Nice-Cannes Marathon Plan (Week 19/23)

11km easy run at a conversational pace (no faster than 5:30/km). This is a limit, not a target - run at whatever pace feels truly easy! with Runna.",3738,11.10,165.0,101,false,,ASICS Superblast 2,activities/17175309469.fit.gz,,,3738.0,3613.0,11105.1,5.36,3.074,9.1,11.1,1.0,5.5,6.2,0.0,,,97.0,82.0,165.0,153.0,,250.0,770.0,,,101.0,,,,,,,,,246.0,3728.0,,,0.0,,1.0,11126.3,,,,,,,,,,,,,,,,26259769.0,,,,,,,,,,,2.971,34.7,,,,,0.0,,220.0,146.0,3.08,,,,,,,,,,,,media/e8a28758-5546-4360-a443-b6778f59203f.jpg
16092456770,"Oct 8, 2025, 5:55:59 AM",On Off Ks,Run,"French Riviera Nice-Cannes Marathon Plan (Week 19/23)

3km warm up at a conversational pace (no faster than 5:30/km)

Repeat the following 3x:
----------
1km at 5:05/km
1km at 4:25/km
----------

90s walking rest

2km cool down at a conversational pace (or slower!) with Runna.",3614,10.89,192.0,154,false,,ASICS Superblast 2,activities/17175300026.fit.gz,,,3614.0,3371.0,10896.5,6.04,3.232,8.4,8.8,0.6,5.2,8.9,0.0,,,90.0,83.0,192.0,167.0,,261.0,769.0,,,154.0,,,,,,,,,261.0,3573.0,,,0.0,,1.0,10914.8,,,,,,,,,,,,,,,,26259769.0,,,,,,,,,,,3.015,62.2,,,,,0.0,,236.0,154.0,3.238,,,,,,,,,,,,media/f92f9899-7673-489d-be43-d26ef0c5e23e.jpg
16037687860,"Oct 5, 2025, 6:37:37 AM",15km Long Run,Run,"French Riviera Nice-Cannes Marathon Plan (Week 18/23)

15km at a conversational pace with Runna.",4938,15.18,171.0,150,false,,ASICS Superblast 2,activities/17119956239.fit.gz,,,4938.0,4743.0,15185.0,4.24,3.202,47.5,47.3,4.4,29.2,5.4,0.0,,,93.0,83.0,171.0,156.0,,259.0,1064.0,,,150.0,,,,,,,,,256.0,4934.0,,,0.0,,1.0,15220.1,,,,,,,,,,,,,,,,26259769.0,,,,,,,,,,,3.075,730.2,,,,,0.0,,313.0,151.0,3.209,,,,,,,,,,,,media/8800b07f-b4ed-43e6-b4ee-dfffe33d0cbe.jpg
16017600572,"Oct 3, 2025, 7:35:33 AM",Tempo 2-1-1,Run,"French Riviera Nice-Cannes Marathon Plan (Week 18/23)

1.5km warm up at a conversational pace (no faster than 5:30/km)

2km at 4:40/km, 120s walking rest
1km at 4:30/km, 90s walking rest
1km at 4:30/km, 90s walking rest

1.5km cool down at a conversational pace (or slower!) with Runna.",2428,7.67,184.0,86,false,,ASICS Superblast 2,activities/17099563100.fit.gz,,,2428.0,2412.0,7675.4,5.64,3.182,2.2,2.7,3.1,6.2,19.5,0.0,,,90.0,80.0,184.0,159.0,,260.0,537.0,,,86.0,,,,,,,,,269.0,2423.0,,,0.0,,1.0,7687.5,,,,,,,,,,,,,,,,26259769.0,,,,,,,,,,,3.161,0.0,,,,,0.0,,170.0,159.0,3.187,,,,,,,,,,,,media/4fb32fbd-e146-4fd4-8e20-ea7012bd3e9e.jpg
15983039571,"Sep 30, 2025, 5:09:36 AM",10km Easy Run,Run,"French Riviera Nice-Cannes Marathon Plan (Week 18/23)

10km easy run at a conversational pace (no faster than 5:30/km). This is a limit, not a target - run at whatever pace feels truly easy! with Runna.",3409,10.07,160.0,62,false,,ASICS Superblast 2,activities/17064569720.fit.gz,,,3409.0,3339.0,10075.3,4.78,3.017,10.8,10.5,2.0,8.3,23.8,0.0,,,101.0,82.0,160.0,144.0,,248.0,701.0,,,62.0,,,,,,,,,246.0,3399.0,,,0.0,,1.0,10112.9,,,,,,,,,,,,,,,,26259769.0,,,,,,,,,,,2.956,1808.3,,,,,0.0,,200.0,146.0,3.029,,,,,,,,,,,,media/b29e28ba-6203-41ce-8258-603f1077df6b.jpg
15961986557,"Sep 28, 2025, 7:01:38 AM",30km Progressive Long Run,Run,"French Riviera Nice-Cannes Marathon Plan (Week 17/23)

11km at a conversational pace
6.5km at 5:25/km
6km at 5:15/km
5.5km at 5:00/km
1km at a conversational pace with Runna.",9681,30.45,182.0,388,false,,,activities/17043140904.fit.gz,,,9681.0,9599.0,30456.1,5.18,3.173,24.3,22.9,-2.1,6.7,7.6,0.0,,,101.0,83.0,182.0,163.0,,257.0,2113.0,,,388.0,,,,,,,,,257.0,9669.0,,,0.0,,1.0,30506.4,,,,,,,,,,,,,,,,,,,,,,,,,,,3.146,2118.3,,,,,0.0,,620.0,152.0,3.178,,,,,,,,,,,,media/fa87a8e0-49e3-48b9-8c57-083bb3576361.jpg
15928711294,"Sep 25, 2025, 5:05:42 AM",12km Easy Run,Run,"French Riviera Nice-Cannes Marathon Plan (Week 17/23)

12km easy run at a conversational pace (no faster than 5:30/km). This is a limit, not a target - run at whatever pace feels truly easy! with Runna.",4089,12.01,158.0,89,false,,,activities/17009069548.fit.gz,,,4089.0,3986.0,12012.5,5.64,3.014,11.5,11.5,1.8,6.9,5.5,0.0,,,90.0,83.0,158.0,147.0,,245.0,826.0,,,89.0,,,,,,,,,242.0,4081.0,,,0.0,,1.0,12035.2,,,,,,,,,,,,,,,,,,,,,,,,,,,2.938,61.7,,,,,0.0,,232.0,143.0,3.019,,,0.0,,,,,,,,,media/fba6d6fd-7b59-4a09-b687-772631fb0ef0.jpg|media/63F68DA5-6392-444F-8B57-DBE2E27CF5A7.jpg
15912415545,"Sep 23, 2025, 4:40:17 PM",800m Repeats,Run,"French Riviera Nice-Cannes Marathon Plan (Week 17/23)

2km warm up at a conversational pace (no faster than 5:30/km), 90s walking rest

8 reps of:
• 800m at 4:15/km (4:05-4:25/km), 90s walking rest

1.8km cool down at a conversational pace (or slower!) with Runna.",3887,12.36,187.0,129,false,,,activities/16992372502.fit.gz,,,3887.0,3840.0,12365.6,6.14,3.22,5.5,5.4,1.9,5.3,4.2,0.0,,,90.0,79.0,187.0,158.0,,258.0,856.0,,,129.0,,,,,,,,,270.0,3877.0,,,0.0,,1.0,12380.3,,,,,,,,,,,,,,,,,,,,,,,,,,,3.181,0.0,,,,,0.0,,275.0,160.0,3.224,,,,,,,,,,,,media/aa0a8880-ad31-4fc0-bd62-6dc7116e4b41.jpg
15861919649,"Sep 19, 2025, 4:29:58 AM",27km Long Run,Run,"French Riviera Nice-Cannes Marathon Plan (Week 16/23)

27km at a conversational pace with Runna.",9278,26.45,177.0,282,false,,,activities/16940503231.fit.gz,,,9278.0,8622.0,26450.0,5.66,3.068,38.9,39.4,1.7,10.7,34.9,0.0,,,105.0,82.0,177.0,157.0,,250.0,1839.0,,,282.0,,,,,,,,,244.0,9180.0,,,0.0,,1.0,26560.2,,,,,,,,,,,,,,,,,,,,,,,,,,,2.851,4094.6,,,,,0.0,,530.0,144.0,3.081,,,0.0,,,,,,,,,media/3f381001-2085-4d3e-8dc9-02345dee1f48.jpg
15838933800,"Sep 17, 2025, 5:09:29 AM",Progressive Run,Run,"French Riviera Nice-Cannes Marathon Plan (Week 16/23)

1.5km warm up at a conversational pace (no faster than 5:25/km)

2km at 5:10/km
2km at 4:55/km
2km at 4:40/km
2km at 4:30/km, 90s walking rest

1.5km cool down at a conversational pace (or slower!) with Runna.",3379,10.99,180.0,125,false,,,activities/16916949698.fit.gz,,,3379.0,3321.0,10998.9,4.58,3.312,12.5,14.0,1.8,8.3,19.8,0.0,,,90.0,82.0,180.0,161.0,,268.0,760.0,,,125.0,,,,,,,,,270.0,3363.0,,,0.0,,1.0,11031.1,,,,,,,,,,,,,,,,,,,,,,,,,,,3.255,1841.4,,,,,0.0,,238.0,160.0,3.322,,,,,,,,,,,,media/1daac474-e58f-4e0a-9a2a-04ee58481c6d.jpg
15812631425,"Sep 14, 2025, 4:19:25 PM",24km Race Practice Long Run,Run,"French Riviera Nice-Cannes Marathon Plan (Week 15/23)

6km at a conversational pace
6km at 5:30/km
11km at 5:05/km (your target Marathon pace)
1km at a conversational pace with Runna.",8400,24.07,181.0,310,false,,,activities/16889743724.fit.gz,,,8400.0,7732.0,24073.2,5.28,3.113,56.0,55.4,2.1,29.2,15.9,0.0,,,132.0,81.0,181.0,162.0,,256.0,1704.0,,,310.0,,,,,,,,,251.0,8302.0,,,0.0,,1.0,24152.5,,,,,,,,,,,,,,,,,,,,,,,,,,,2.866,687.3,,,,,0.0,,510.0,149.0,3.124,,,,,,,,,,,,media/5e1008b3-51d8-4ef0-a534-f045854a46d9.jpg
15760205804,"Sep 10, 2025, 5:03:35 AM",Over and Unders 1km,Run,"French Riviera Nice-Cannes Marathon Plan (Week 15/23)

2km warm up at a conversational pace (no faster than 5:30/km)

Repeat the following 3x:
----------
1km at 4:50/km
1km at 4:30/km
----------

90s walking rest

2km cool down at a conversational pace (or slower!) with Runna.",3137,10.26,182.0,115,false,,,activities/16834458610.fit.gz,,,3137.0,3119.0,10268.3,5.82,3.292,12.0,14.4,0.4,6.8,12.7,0.0,,,90.0,82.0,182.0,159.0,,263.0,707.0,,,115.0,,,,,,,,,266.0,3131.0,,,0.0,,1.0,10301.6,,,,,,,,,,,,,,,,,,,,,,,,,,,3.273,2636.8,,,,,0.0,,214.0,157.0,3.303,,,,,,,,,,,,media/3caf5c6f-d4e0-4131-a90d-67e0a871d515.jpg
15726294187,"Sep 7, 2025, 7:51:35 AM",Half Marathon Race Practice Long Run,Run,"French Riviera Nice-Cannes Marathon Plan (Week 14/23)

6km at a conversational pace
10km at 5:05/km (your target Marathon pace)
5.1km at a conversational pace with Runna.",7171,22.12,182.0,292,false,,,activities/16798610472.fit.gz,,,7171.0,7050.0,22125.5,5.6,3.138,19.2,19.0,-0.7,5.4,10.9,0.0,,,125.0,82.0,182.0,163.0,,252.0,1526.0,,,292.0,,,,,,,,,250.0,7166.0,,,0.0,,1.0,22163.2,,,,,,,,,,,,,,,,,,,,,,,,,,,3.085,1597.9,,,,,0.0,,435.0,148.0,3.144,,,,,,,,,,,,media/020b4e27-22b0-4096-9647-8aae75ae9d1c.jpg
15690933692,"Sep 4, 2025, 5:10:02 AM",10km Easy Run,Run,"French Riviera Nice-Cannes Marathon Plan (Week 14/23)

10km easy run at a conversational pace (no faster than 5:30/km). This is a limit, not a target - run at whatever pace feels truly easy! with Runna.",3388,10.08,172.0,106,false,,,activities/16760918792.fit.gz,,,3388.0,3210.0,10086.2,5.62,3.142,13.5,14.5,1.8,7.3,4.5,0.0,,,93.0,82.0,172.0,158.0,,251.0,691.0,,,106.0,,,,,,,,,247.0,3347.0,,,0.0,,1.0,10108.9,,,,,,,,,,,,,,,,,,,,,,,,,,,2.977,61.2,,,,,0.0,,198.0,146.0,3.149,,,,,,,,,,,,media/e0e7436b-c9ec-47b0-bc93-70a3639e41e8.jpg
15666943449,"Sep 2, 2025, 4:49:20 AM",Mile Repeats,Run,"French Riviera Nice-Cannes Marathon Plan (Week 14/23)

3km warm up at a conversational pace (no faster than 5:30/km), 90s walking rest

3 reps of:
• 1.6km at 4:30/km (4:20-4:40/km), 120s walking rest

2.2km cool down at a conversational pace (or slower!) with Runna.",3604,11.05,184.0,137,false,,,activities/16734375339.fit.gz,,,3604.0,3550.0,11052.2,5.34,3.113,7.4,7.2,1.9,7.2,4.9,0.0,,,97.0,79.0,184.0,162.0,,249.0,759.0,,,137.0,,,,,,,,,256.0,3600.0,,,0.0,,1.0,11068.6,,,,,,,,,,,,,,,,,,,,,,,,,,,3.067,380.2,,,,,0.0,,228.0,151.0,3.118,,,,,,,,,,,,media/9549134c-fa18-4dac-bc46-47b533323004.jpg
15645741754,"Aug 31, 2025, 8:14:36 AM",12km Long Run,Run,"French Riviera Nice-Cannes Marathon Plan (Week 13/23)

12km at a conversational pace with Runna.",4522,13.11,180.0,170,false,,,activities/16711119804.fit.gz,,,4522.0,4354.0,13115.3,4.56,3.012,11.7,14.2,0.3,6.8,12.6,0.0,,,93.0,81.0,180.0,162.0,,242.0,908.0,,,170.0,,,,,,,,,239.0,4515.0,,,0.0,,1.0,13150.6,,,,,,,,,,,,,,,,,,,,,,,,,,,2.9,1818.4,,,,,0.0,,250.0,141.0,3.02,,,,,,,,,,,,media/3bb5af4e-3732-4526-b84c-c61cced72bb0.jpg
15623309488,"Aug 29, 2025, 5:57:21 AM",8km Easy Run with Runna ✅,Run,"8km easy run at a conversational pace (no faster than 5:35/km). This is a limit, not a target - run at whatever pace feels truly easy!",3171,9.26,164.0,80,false,,,activities/16686474387.fit.gz,,,3171.0,3070.0,9267.6,4.82,3.019,9.8,9.4,0.4,5.3,4.1,0.0,,,97.0,82.0,164.0,152.0,,245.0,633.0,,,80.0,,,,,,,,,240.0,3168.0,,,0.0,,1.0,9283.3,,,,,,,,,,,,,,,,,,,,,,,,,,,2.923,1727.5,,,,,0.0,,177.0,142.0,3.024,,,,,,,,,,,,media/9c1be76b-c3a0-4c71-948a-e54221bc3c19.jpg
15577837043,"Aug 25, 2025, 7:39:12 AM",8km Easy Run,Run,"French Riviera Nice-Cannes Marathon Plan (Week 13/23)

8km easy run at a conversational pace (no faster than 5:20/km). This is a limit, not a target - run at whatever pace feels truly easy! with Runna.",3036,9.34,174.0,98,false,,,activities/16637899271.fit.gz,,,3036.0,2991.0,9342.4,5.6,3.124,10.9,10.6,3.1,8.4,17.9,0.0,,,86.0,82.0,174.0,157.0,,255.0,649.0,,,98.0,,,,,,,,,254.0,3031.0,,,0.0,,1.0,9372.2,,,,,,,,,,,,,,,,,,,,,,,,,,,3.077,1272.2,,,,,0.0,,189.0,150.0,3.133,,,,,,,,,,,,media/ea391317-c049-4964-abaf-602567daff60.jpg
15384153154,"Aug 8, 2025, 4:54:31 AM",10km Easy Run,Run,"French Riviera Nice-Cannes Marathon Plan (Week 10/23)

10km easy run at a conversational pace (no faster than 5:25/km). This is a limit, not a target - run at whatever pace feels truly easy!",3526,10.35,171.0,106,false,,,activities/16429132126.fit.gz,,,3526.0,3469.0,10349.0,5.0,2.983,11.2,10.6,2.0,7.2,4.7,0.0,,,97.0,81.0,171.0,156.0,,240.0,709.0,,,106.0,,,,,,,,,237.0,3521.0,,,0.0,,1.0,10378.7,,,,,,,,,,,,,,,,,,,,,,,,,,,2.935,32.4,,,,,0.0,,192.0,140.0,2.992,,,,,,,,,,,,media/9be42590-4c54-48f8-ac09-bc6db8856b58.jpg
15361138835,"Aug 6, 2025, 6:04:50 AM",Tempo 4km,Run,"French Riviera Nice-Cannes Marathon Plan (Week 10/23)

3km warm up at a conversational pace (no faster than 5:25/km)

4km at 4:25/km (4:15-4:35/km), 120s walking rest

3km cool down at a conversational pace (or slower!)",3283,10.20,194.0,137,false,,,activities/16404603960.fit.gz,,,3283.0,3202.0,10204.5,4.84,3.187,6.3,6.3,1.9,6.1,5.2,0.0,,,93.0,81.0,194.0,166.0,,256.0,715.0,,,137.0,,,,,,,,,260.0,3279.0,,,0.0,,1.0,10220.1,,,,,,,,,,,,,,,,,,,,,,,,,,,3.108,0.0,,,,,0.0,,215.0,154.0,3.192,,,,,,,,,,,,media/265d38c4-bcd1-4cb3-a051-5861c716c4ea.jpg
15326966895,"Aug 3, 2025, 6:49:23 AM",19km Progressive Repeat Long Run,Run,"French Riviera Nice-Cannes Marathon Plan (Week 9/23)

4.5km at a conversational pace
2.5km at 5:04/km
2.5km at 4:50/km
4.5km at 5:20/km
2.5km at 5:04/km
2.5km at 4:50/km",5905,19.02,192.0,307,false,,,activities/16368078825.fit.gz,,,5905.0,5887.0,19019.2,5.02,3.231,15.3,15.9,0.5,5.8,5.3,0.0,,,97.0,82.0,192.0,170.0,,258.0,1359.0,,,307.0,,,,,,,,,258.0,5900.0,,,0.0,,1.0,19048.2,,,,,,,,,,,,,,,,,,,,,,,,,,,3.221,278.7,,,,,0.0,,382.0,153.0,3.236,,,,,,,,,,,,media/d16b0596-480d-443a-8f05-2079dc63899f.jpg
15294732900,"Jul 31, 2025, 7:19:43 AM",10km Easy Run,Run,"French Riviera Nice-Cannes Marathon Plan (Week 9/23)

10km easy run at a conversational pace (no faster than 5:25/km). This is a limit, not a target - run at whatever pace feels truly easy!",2799,7.78,187.0,154,false,,,activities/16333544792.fit.gz,,,2799.0,2560.0,7784.9,3.419,3.042,2.0,0.0,1.7,4.2,5.8,0.0,,,86.0,81.0,187.0,175.0,,246.0,623.0,,,154.0,,,,,,,,,238.0,2794.0,,,0.0,,1.0,7798.8,,,,,,,,,,,,,,,,,,,,,,,,,,,2.781,5068.7,,,,,0.0,,154.0,141.0,3.046,,,,,,,,,,,,media/61c17d2b-261b-4060-a984-a5aad682c841.jpg
15249295321,"Jul 27, 2025, 6:34:43 AM",10km Long Run/Hike,Run,"French Riviera Nice-Cannes Marathon Plan (Week 8/23)

10km at a conversational pace",3900,9.24,185.0,96,false,,,activities/16285097661.fit.gz,,,3900.0,3754.0,9246.5,3.251,2.464,312.8,310.1,48.5,361.7,13.7,0.0,,,117.0,76.0,185.0,150.0,,235.0,776.0,,,96.0,,,,,,,,,242.0,3894.0,,,0.0,,1.0,10361.4,,,,,,,,,,,,,,,,,,,,,,,,,,,2.371,0.0,,,,,0.0,,221.0,143.0,2.76,,,,,,,,,,,,media/4d1cdfd0-d064-48f7-9998-c8dc0e84ec82.jpg|media/1BA6A9A9-A605-4D81-92FA-F68A1B3DA465.jpg|media/77CBEC0A-3C9F-47C8-9C01-7EDFE605C726.jpg
15217227429,"Jul 24, 2025, 4:55:31 AM",Thursday Morning Run,Run,"",2881,8.19,182.0,96,false,,,activities/16250634724.fit.gz,,,2881.0,2764.0,8195.9,3.545,2.965,378.6,996.3,2.4,71.1,47.6,0.0,,,85.0,81.0,182.0,158.0,,246.0,616.0,,,96.0,,,,,,,,,249.0,2875.0,,,0.0,,1.0,8929.6,,,,,,,,,,,,,,,,,,,,,,,,,,,2.845,181.3,,,,,0.0,,172.0,147.0,3.231,,,,,,,,,,,,media/5D1F4243-E72B-41DC-B9F9-76A1131370CF.jpg|media/0c309f4c-3f5c-4708-baa8-ce0586e7d6fe.jpg
15140543883,"Jul 17, 2025, 4:30:40 AM",8km Easy Run,Run,"French Riviera Nice-Cannes Marathon Plan (Week 7/23)

8km easy run at a conversational pace (no faster than 5:30/km). This is a limit, not a target - run at whatever pace feels truly easy!",2785,8.14,165.0,50,false,,,activities/16167082720.fit.gz,,,2785.0,2680.0,8142.5,4.96,3.038,14.7,13.1,0.4,6.1,6.3,0.0,,,87.0,82.0,165.0,148.0,,244.0,554.0,,,50.0,,,,,,,,,241.0,2776.0,,,0.0,,1.0,8161.2,,,,,,,,,,,,,,,,,,,,,,,,,,0.0,2.924,370.9,,,,,,,157.0,143.0,3.045,,,,,,,,,,,,media/e8e6cc23-38ba-48c3-9053-16381443356c.jpg
15117975812,"Jul 15, 2025, 5:03:26 AM",Progressive Run,Run,"French Riviera Nice-Cannes Marathon Plan (Week 7/23)

2km warm up at a conversational pace (no faster than 5:30/km)

2km at 4:55/km
2km at 4:40/km
2km at 4:30/km

1km cool down at a conversational pace (or slower!)",2781,9.37,188.0,121,false,,,activities/16142442838.fit.gz,,,2781.0,2772.0,9377.3,5.12,3.383,6.4,6.3,1.9,6.1,3.8,0.0,,,92.0,83.0,188.0,169.0,,270.0,653.0,,,121.0,,,,,,,,,271.0,2782.0,,,0.0,,1.0,9392.2,,,,,,,,,,,,,,,,,,,,,,,,,,0.0,3.372,478.5,,,,,,,198.0,160.0,3.388,,,,,,,,,,,,media/ee9f25aa-9b79-4c64-a82d-1926e42e6c1e.jpg
15096940412,"Jul 13, 2025, 6:39:30 AM",17km Long Run,Run,"French Riviera Nice-Cannes Marathon Plan (Week 6/23)

17km at a conversational pace",5700,17.22,184.0,157,false,,,activities/16119416409.fit.gz,,,5700.0,5589.0,17221.5,5.34,3.081,22.8,22.8,-1.3,8.0,8.4,0.0,,,128.0,82.0,184.0,158.0,,249.0,1191.0,,,157.0,,,,,,,,,247.0,5696.0,,,0.0,,1.0,17268.9,,,,,,,,,,,,,,,,,,,,,,,,,,0.0,3.021,160.8,,,,,,,337.0,146.0,3.09,,,,,,,,,,,,media/07d73328-ac64-4153-84e3-7bbc529491eb.jpg
15042184427,"Jul 8, 2025, 5:14:48 AM",Over and Unders 1km,Run,"French Riviera Nice-Cannes Marathon Plan (Week 6/23)

1.5km warm up at a conversational pace (no faster than 5:30/km)

Repeat the following 3x:
----------
1km at 4:50/km
1km at 4:35/km
----------

1.5km cool down at a conversational pace (or slower!)",2727,9.11,181.0,88,false,,,activities/16059412885.fit.gz,,,2727.0,2700.0,9109.6,4.38,3.374,11.0,10.7,3.2,8.4,40.4,0.0,,,117.0,83.0,181.0,162.0,,275.0,633.0,,,88.0,,,,,,,,,274.0,2723.0,,,0.0,,1.0,9147.6,,,,,,,,,,,,,,,,,,,,,,,,,,0.0,3.341,1990.7,,,,,,,198.0,162.0,3.388,,,,,,,,,,,,media/23b83d49-ac14-4939-a30c-b852c51fd876.jpg
15011780387,"Jul 5, 2025, 5:45:56 AM",16km Progressive Repeat Long Run,Run,"French Riviera Nice-Cannes Marathon Plan (Week 5/23)

4km at a conversational pace
3km at 5:16/km
3km at 5:03/km
3km at 5:16/km
3km at 4:58/km",5387,16.97,180.0,164,false,,,activities/16025868974.fit.gz,,,5387.0,5334.0,16976.0,5.3,3.183,19.5,19.8,0.5,7.4,3.6,0.0,,,87.0,83.0,180.0,161.0,,255.0,1174.0,,,164.0,,,,,,,,,254.0,5382.0,,,0.0,,1.0,16998.7,,,,,,,,,,,,,,,,,,,,,,,,,,0.0,3.151,1487.8,,,,,,,337.0,150.0,3.187,,,,,,,,,,,,media/e82720e7-46a2-4d22-a312-3d6aa03426b3.jpg
15010721409,"Jul 3, 2025, 5:14:54 AM",400m Repeats,Run,"French Riviera Nice-Cannes Marathon Plan (Week 5/23)

2.5km warm up at a conversational pace (no faster than 5:30/km), 90s walking rest

Repeat the following 2x:
----------
5 reps of:
• 400m at 4:00/km (3:50-4:10/km), 60s walking rest

60s walking rest
----------

2.5km cool down at a conversational pace (or slower!)",3475,10.52,189.0,99,false,,,activities/16024668051.fit.gz,,,3475.0,3379.0,10519.6,7.36,3.113,5.5,5.4,2.0,5.4,4.8,0.0,,,117.0,79.0,189.0,159.0,,245.0,724.0,,,99.0,,,,,,,,,259.0,3464.0,,,0.0,,1.0,10534.0,,,,,,,,,,,,,,,,,,,,,,,,,,0.0,3.027,747.2,,,,,,,225.0,153.0,3.117,,,,,,,,,,,,media/fceec278-0398-4563-891a-413687120275.jpg
14969549839,"Jul 1, 2025, 5:20:05 AM",8km Easy Run,Run,"French Riviera Nice-Cannes Marathon Plan (Week 5/23)

8km easy run at a conversational pace (no faster than 5:30/km). This is a limit, not a target - run at whatever pace feels truly easy!",2892,8.77,173.0,69,false,,,activities/15979283724.fit.gz,,,2892.0,2863.0,8774.1,4.06,3.065,11.8,12.4,0.8,6.1,3.8,0.0,,,93.0,82.0,173.0,155.0,,247.0,603.0,,,69.0,,,,,,,,,245.0,2887.0,,,0.0,,1.0,8789.1,,,,,,,,,,,,,,,,,,,,,,,,,,0.0,3.034,0.0,,,,,,,168.0,145.0,3.07,,,,,,,,,,,,media/76c1a0d8-b98b-42e3-b4d5-bf3f89077529.jpg
14943291905,"Jun 28, 2025, 5:42:54 AM",Morning Ride,Ride,,31369,110.08,,,false,,,activities/14943291905.fit,,,31369.0,18216.0,110086.1,10.5,6.043,108.7,118.5,-11.6,6.8,43.6,0.0,,,,,,,,86.0,1741.0,,,,,,,,,,,,,,,,0.0,,1.0,,,,,,,,,,,,,,,,,,,,,,,,,,,0.0,3.509,38.4,,,,,,,,,,,,,,,,,,,,,""
14969548736,"Jun 24, 2025, 5:52:17 AM",Tempo 2km,Run,"French Riviera Nice-Cannes Marathon Plan (Week 4/23)

2km warm up at a conversational pace (no faster than 5:35/km)

2km at 4:30/km (4:20-4:40/km), 120s walking rest

2km cool down at a conversational pace (or slower!)",1982,6.20,179.0,51,false,,,activities/15979282458.fit.gz,,,1982.0,1924.0,6205.7,4.54,3.225,2.0,2.7,3.2,6.5,11.4,0.0,,,93.0,82.0,179.0,156.0,,260.0,427.0,,,51.0,,,,,,,,,261.0,1980.0,,,0.0,,1.0,6216.7,,,,,,,,,,,,,,,,,,,,,,,,,,0.0,3.131,0.0,,,,,,,130.0,154.0,3.231,,,,,,,,,,,,media/61ce031a-7344-4f79-9884-a836dd2450ce.jpg
14877581732,"Jun 22, 2025, 6:53:15 AM",15km Block Long Run,Run,"French Riviera Nice-Cannes Marathon Plan (Week 3/23)

5km at a conversational pace
7km at 5:20/km
3km at a conversational pace",4990,15.24,177.0,119,false,,,activities/15878907545.fit.gz,,,4990.0,4963.0,15248.2,4.54,3.072,13.4,13.1,3.2,10.1,22.8,0.0,,,93.0,82.0,177.0,156.0,,248.0,1052.0,,,119.0,,,,,,,,,248.0,4982.0,,,0.0,,1.0,15286.2,,,,,,,,,,,,,,,,,,,,,,,,,,0.0,3.056,4926.8,,,,,,,298.0,147.0,3.08,,,,,,,,,,,,media/3e9f843a-d993-4ea7-8e68-fa99832531d1.jpg
14856976495,"Jun 20, 2025, 5:49:58 AM",9km Easy Run,Run,"French Riviera Nice-Cannes Marathon Plan (Week 3/23)

9km easy run at a conversational pace (no faster than 5:35/km). This is a limit, not a target - run at whatever pace feels truly easy!",3268,9.61,169.0,85,false,,,activities/15856425136.fit.gz,,,3268.0,3221.0,9614.9,4.14,2.985,30.2,30.9,4.0,25.4,3.9,0.0,,,93.0,81.0,169.0,157.0,,240.0,665.0,,,85.0,,,,,,,,,238.0,3263.0,,,0.0,,1.0,9635.2,,,,,,,,,,,,,,,,,,,,,,,,,,0.0,2.942,0.0,,,,,,,179.0,141.0,2.991,,,,,,,,,,,,media/d302c6ab-7f8f-485e-ac98-cddff0b898bc.jpg
14835379885,"Jun 18, 2025, 5:07:57 AM",Rolling 300s,Run,"French Riviera Nice-Cannes Marathon Plan (Week 3/23)

2.5km warm up at a conversational pace (no faster than 5:35/km)

Repeat the following 7x:
----------
300m at 4:25/km
300m at 5:15/km
----------

2.2km cool down at a conversational pace (or slower!)",2980,9.17,185.0,98,false,,,activities/15833043352.fit.gz,,,2980.0,2837.0,9171.3,5.28,3.233,6.1,6.4,3.2,7.7,13.5,0.0,,,93.0,83.0,185.0,163.0,,262.0,639.0,,,98.0,,,,,,,,,260.0,2975.0,,,0.0,,1.0,9183.1,,,,,,,,,,,,,,,,,,,,,,,,,,0.0,3.078,1979.1,,,,,,,195.0,154.0,3.237,,,,,,,,,,,,media/2157ac9a-4bcf-4d42-8587-44badf261b01.jpg
14835377591,"Jun 11, 2025, 4:23:19 PM",8km Easy Run,Run,"French Riviera Nice-Cannes Marathon Plan (Week 2/23)

8km easy run at a conversational pace (no faster than 5:35/km). This is a limit, not a target - run at whatever pace feels truly easy!",2872,8.53,172.0,61,false,,,activities/15833040686.fit.gz,,,2872.0,2845.0,8538.1,4.65,3.001,9.9,9.8,0.5,6.1,5.0,0.0,,,85.0,82.0,172.0,152.0,,240.0,604.0,,,61.0,,,,,,,,,240.0,2873.0,,,0.0,,1.0,8553.8,,,,,,,,,,,,,,,,,,,,,,,,,,0.0,2.973,1762.3,,,,,,,160.0,142.0,3.007,,,,,,,,,,,,media/3ad565c1-b81a-4912-88e2-b228c7db0e90.jpg
14710779339,"Jun 6, 2025, 4:48:02 AM",On Off Ks,Run,"French Riviera Nice-Cannes Marathon Plan (Week 1/23)

1.5km warm up at a conversational pace (no faster than 5:35/km)

Repeat the following 2x:
----------
1km at 5:10/km
1km at 4:35/km
----------

1.5km cool down at a conversational pace (or slower!)",2156,7.10,191.0,111,false,,,activities/15698327477.fit.gz,,,2156.0,2150.0,7104.3,5.46,3.304,12.4,11.9,0.6,7.0,10.9,0.0,,,92.0,83.0,191.0,171.0,,263.0,546.0,,,111.0,,,,,,,,,265.0,2157.0,,,0.0,,1.0,7127.9,,,,,,,,,,,,,,,,,,,,,,,,,,0.0,3.295,1324.8,,,,,,,147.0,157.0,3.315,,,,,,,,,,,,media/50c972fe-306f-4279-97d5-0d7252097b45.jpg
14710778982,"Jun 4, 2025, 3:41:07 PM",7km Easy Run,Run,"French Riviera Nice-Cannes Marathon Plan (Week 1/23)

7km easy run at a conversational pace (no faster than 5:35/km). This is a limit, not a target - run at whatever pace feels truly easy!",2799,8.27,161.0,67,false,,,activities/15698327042.fit.gz,,,2799.0,2738.0,8276.8,4.82,3.023,7.6,7.7,2.0,5.6,3.7,0.0,,,85.0,82.0,161.0,151.0,,245.0,585.0,,,67.0,,,,,,,,,242.0,2783.0,,,0.0,,1.0,8291.2,,,,,,,,,,,,,,,,,,,,,,,,,,0.0,2.957,316.6,,,,,,,158.0,143.0,3.028,,,,,,,,,,,,media/0de47f0b-a0ec-4252-9c9f-4a772740169e.jpg
14546931851,"May 21, 2025, 4:37:28 AM",400m Repeats with Runna ✅,Run,"2km warm up at a conversational pace (no faster than 5:30/km), 90s walking rest

Repeat the following 2x:
----------
4 reps of:
• 400m at 4:00/km (3:50-4:10/km), 60s walking rest

60s walking rest
----------

800m cool down at a conversational pace (or slower!)",2463,7.16,188.0,55,false,,,activities/15522107464.fit.gz,,,2463.0,2436.0,7165.4,5.82,2.941,8.3,8.3,0.6,7.0,3.6,0.0,,,93.0,77.0,188.0,150.0,,260.0,558.0,,,55.0,,,,,,,,,285.0,2464.0,,,0.0,,1.0,7178.1,,,,,,,,,,,,,,,,,,,,,,,,,,0.0,2.909,2199.4,,,,,,,195.0,169.0,2.947,,,,,,,,,,,,""
14278956484,"Apr 25, 2025, 5:34:11 AM",1.5km Repeats with Runna ✅,Run,"2km warm up at a conversational pace (no faster than 5:25/km)

Repeat the following 3x:
----------
1.5km at 4:25/km (4:15-4:35/km), 120s walking rest
----------

1.5km cool down at a conversational pace (or slower!)",2470,7.58,190.0,83,false,,,activities/15237519951.fit.gz,,,2470.0,2436.0,7586.2,5.28,3.114,12.0,11.9,0.6,7.0,4.4,0.0,,,117.0,79.0,190.0,160.0,,276.0,585.0,,,83.0,,,,,,,,,291.0,2471.0,,,0.0,,1.0,7605.6,,,,,,,,,,,,,,,,,,,,,,,,,,0.0,3.071,1331.3,,,,,,,203.0,172.0,3.122,,,,,,,,,,,,""
13296803395,"Jan 8, 2025, 6:41:51 AM",Tempo 4km with Runna ✅,Run,"Schneider Electric Marathon de Paris Plan (Week 10/23)

3km warm up at a conversational pace (no faster than 5:25/km)

4km at 4:30/km (4:20-4:40/km), 120s walking rest

2km cool down at a conversational pace (or slower!)",3092,9.63,189.0,113,false,,,activities/14181576538.fit.gz,,,3092.0,2941.0,9637.4,6.42,3.277,7.2,7.0,2.0,6.9,4.3,0.0,,,93.0,84.0,189.0,164.0,,297.0,741.0,,,113.0,,,,,,,,,298.0,3088.0,,,0.0,,1.0,9650.1,,,,,,,,,,,,,,,,,,,,,,,,,,0.0,3.117,1389.0,,,,,,,266.0,176.0,3.281,,,,,,,,,,,,""
13278633287,"Jan 6, 2025, 7:01:53 AM",10km Easy Run with Runna ✅,Run,"Schneider Electric Marathon de Paris Plan (Week 10/23)

10km easy run at a conversational pace (no faster than 5:30/km). This is a limit, not a target - run at whatever pace feels truly easy",3705,10.02,170.0,93,false,,,activities/14162097141.fit.gz,,,3705.0,3161.0,10026.0,5.3,3.172,9.6,7.4,2.0,5.4,4.3,0.0,,,140.0,83.0,170.0,157.0,,287.0,774.0,,,93.0,,,,,,,,,281.0,3370.0,,,0.0,,1.0,10040.3,,,,,,,,,,,,,,,,,,,,,,,,,,0.0,2.706,635.6,,,,,,,258.0,166.0,3.176,,,,,,,,,,,,""
13278316960,"Jan 4, 2025, 1:39:30 PM",19km Block Long Run with Runna ✅,Run,"Schneider Electric Marathon de Paris Plan (Week 9/23)

6km at a conversational pace
7km at 5:10/km
6km at a conversational pace",3496,11.06,160.0,80,false,,,activities/14161750014.fit.gz,,,3496.0,3484.0,11067.3,5.34,3.177,7.7,9.6,-0.2,5.2,3.5,0.0,,,87.0,84.0,160.0,149.0,,289.0,851.0,,,80.0,,,,,,,,,288.0,3497.0,0.0,,0.0,,1.0,11077.8,,,,,,,,,,,,,,,,,,,,,,,,,,0.0,3.166,16.6,,,,,,,281.0,170.0,3.18,,,,,,,,,,,,""
13221742405,"Dec 30, 2024, 9:26:33 AM",10km Long Run with Runna ✅,Run,"Schneider Electric Marathon de Paris Plan (Week 8/23)

10km at a conversational pace",3251,10.71,169.0,100,false,,,activities/14100653750.fit.gz,,,3251.0,3235.0,10711.0,4.74,3.311,13.4,13.0,1.9,10.1,17.5,0.0,,,140.0,84.0,169.0,158.0,,300.0,837.0,,,100.0,,,,,,,,,301.0,3252.0,,,0.0,,1.0,10744.3,,,,,,,,,,,,,,,,,,,,,,,,,,0.0,3.295,2711.1,,,,,,,286.0,178.0,3.321,,,,,,,,,,,,""
13198708710,"Dec 27, 2024, 8:28:00 AM",Friday Morning Run with Runna ✅,Run,,2677,8.65,179.0,69,false,,,activities/14075791681.fit.gz,,,2677.0,2653.0,8656.2,4.8,3.263,7.5,8.5,3.2,7.9,11.5,0.0,,,152.0,82.0,179.0,154.0,,297.0,672.0,,,69.0,,,,,,,,,296.0,2671.0,,,0.0,,1.0,8674.1,,,,,,,,,,,,,,,,,,,,,,,,,,0.0,3.234,153.3,,,,,,,227.0,175.0,3.27,,,,,,,,,,,,""
13181023520,"Dec 24, 2024, 11:54:07 AM",6.5km Easy Run with Runna ✅,Run,"Schneider Electric Marathon de Paris Plan (Week 8/23)

6.5km easy run at a conversational pace (no faster than 5:25/km)",2741,8.51,176.0,67,false,,,activities/14056736921.fit.gz,,,2741.0,2741.0,8514.9,4.5,3.106,87.4,59.8,31.3,75.9,9.3,0.3,,,85.0,82.0,176.0,153.0,,288.0,688.0,,,67.0,,,,,,,,,291.0,2742.0,,,0.0,,1.0,8698.7,,,,,,,,,,,,,,,,,,,,,,,,,,0.0,3.106,692.5,,,,,,,225.0,172.0,3.174,,,,,,,,,,,,""
13153739522,"Dec 20, 2024, 8:56:31 AM",8km Easy Run with Runna ✅,Run,"Schneider Electric Marathon de Paris Plan (Week 7/23)

8km easy run at a conversational pace (no faster than 5:25/km)",3075,9.51,163.0,71,false,,,activities/14027383538.fit.gz,,,3075.0,3055.0,9510.6,4.74,3.113,11.4,9.0,3.6,8.4,16.7,0.0,,,105.0,83.0,163.0,150.0,,284.0,738.0,,,71.0,,,,,,,,,283.0,3066.0,,,0.0,,1.0,9539.4,,,,,,,,,,,,,,,,,,,,,,,,,,0.0,3.093,2927.9,,,,,,,238.0,167.0,3.123,,,,,,,,,,,,""
13132504734,"Dec 17, 2024, 6:35:07 AM",Tempo 6km with Runna ✅,Run,"Schneider Electric Marathon de Paris Plan (Week 7/23)

1.5km warm up at a conversational pace (no faster than 5:25/km)

6km at 4:45/km (4:35-4:55/km)

500m cool down at a conversational pace, or slower! Since you've worked at a particularly high intensity today with a semi short cool down, walk for 5-10 minutes to end the workout.",2623,8.67,183.0,115,false,,,activities/14004617834.fit.gz,,,2623.0,2589.0,8672.3,4.82,3.35,8.5,8.8,0.5,4.8,6.6,0.0,,,86.0,83.0,183.0,167.0,,303.0,674.0,,,115.0,,,,,,,,,302.0,2609.0,,,0.0,,1.0,8689.0,,,,,,,,,,,,,,,,,,,,,,,,,,0.0,3.306,1200.7,,,,,,,231.0,179.0,3.356,,,,,,,,,,,,""
13115154550,"Dec 14, 2024, 3:30:47 PM",17km Long Run with Runna ✅,Run,"Schneider Electric Marathon de Paris Plan (Week 6/23)

17km at a conversational pace",5066,15.52,171.0,101,false,,,activities/13986011637.fit.gz,,,5066.0,5066.0,15528.4,3.07,3.065,0.0,0.0,0.0,0.0,0.0,0.0,,,,0.0,171.0,148.0,,,1450.0,,,101.0,,,,,,,,,,,,,0.0,,1.0,15528.4,,,,,,,,,,,,,,,,,,,,,,,,,,0.0,3.065,0.0,,,,,,,,,,,,,,,,,,,,,""
13083693168,"Dec 10, 2024, 6:16:33 AM",Rolling 400s with Runna ✅,Run,"Schneider Electric Marathon de Paris Plan (Week 6/23)

2km warm up at a conversational pace (no faster than 5:30/km)

Repeat the following 6x:
----------
400m at 4:35/km
400m at 5:15/km
----------

1.2km cool down at a conversational pace (or slower!)",2450,8.03,183.0,98,false,,,activities/13952303631.fit.gz,,,2450.0,2420.0,8032.2,4.883,3.319,0.0,2.5,3.2,6.3,14.4,0.0,,,140.0,83.0,183.0,165.0,,298.0,623.0,,,98.0,,,,,,,,,299.0,2440.0,,,0.0,,1.0,8046.5,,,,,,,,,,,,,,,,,,,,,,,,,,0.0,3.278,0.0,,,,,,,212.0,177.0,3.325,,,,,,,,,,,,""
13072732298,"Dec 8, 2024, 12:55:51 PM",16km Hotspot Long Run with Runna ✅,Run,"Schneider Electric Marathon de Paris Plan (Week 5/23)

10km at a conversational pace
1km at 4:35/km
5km at a conversational pace",5335,16.02,176.0,137,false,,,activities/13940615059.fit.gz,,,5335.0,5157.0,16027.1,4.76,3.108,9.4,9.2,1.2,5.4,4.8,0.0,,,87.0,83.0,176.0,153.0,,279.0,1234.0,,,137.0,,,,,,,,,275.0,5324.0,,,0.0,,1.0,16047.4,,,,,,,,,,,,,,,,,,,,,,,,,,0.0,3.004,20.6,,,,,,,392.0,163.0,3.112,,,,,,,,,,,,""
13050224202,"Dec 5, 2024, 6:13:28 AM",Pyramid Intervals with Runna ✅,Run,"Schneider Electric Marathon de Paris Plan (Week 5/23)

1.2km warm up at a conversational pace (no faster than 5:30/km), 90s walking rest

200m at 3:55/km, 60s walking rest
400m at 4:05/km, 90s walking rest
800m at 4:20/km, 90s walking rest
1.2km at 4:30/km, 120s walking rest
1.6km at 4:35/km, 120s walking rest
1.2km at 4:30/km, 120s walking rest
800m at 4:20/km, 90s walking rest
400m at 4:05/km, 90s walking rest
200m at 3:55/km, 60s walking rest

1km cool down at a conversational pace (or slower!)",3498,10.77,188.0,119,false,,,activities/13916552357.fit.gz,,,3498.0,3448.0,10776.4,5.86,3.125,10.7,10.7,0.5,6.9,5.1,0.0,,,93.0,77.0,188.0,161.0,,283.0,844.0,,,119.0,,,,,,,,,302.0,3491.0,,,0.0,,1.0,10791.1,,,,,,,,,,,,,,,,,,,,,,,,,,0.0,3.081,3885.5,,,,,,,310.0,179.0,3.13,,,,,,,,,,,,""
12113295546,"Aug 10, 2024, 4:10:06 PM",Evening Ride,Ride,,4368,13.92,,,false,,,activities/12113295546.gpx,,,4368.0,3352.0,13922.1,15.162,4.153,14.9,14.9,-2.0,4.8,6.2,0.0,,,,,,,,53.0,200.0,,,,,,,,,,,,,,,,0.0,,1.0,,,,,,,,,,,,,,,,,,,,,,,,,,,0.0,3.187,363.2,,,,,,,,,,,,,,,,,,,,,""
8992077945,"May 1, 2023, 3:59:56 PM",Evening Run,Run,,5476,18.07,,,false,,,activities/8992077945.gpx,,,5476.0,5414.0,18070.5,6.626,3.338,26.6,26.7,0.1,8.1,13.8,0.0,,,,,,,,,1693.0,,,,,,,,,,,,,,,,0.0,,1.0,18128.7,,,,,,,,,,,,,,,,,,,,,,,,,,0.0,3.3,1670.2,,,,14688.0,,,,,,,,,,,,,,,,,""
8952286324,"Apr 25, 2023, 4:44:23 AM",Morning Run,Run,,3950,13.34,,,false,,,activities/8952286324.gpx,,,3950.0,3788.0,13343.2,7.536,3.522,13.5,13.5,1.4,7.7,4.3,0.0,,,,,,,,,1248.0,,,,,,,,,,,,,,,,0.0,,1.0,13364.0,,,,,,,,,,,,,,,,,,,,,,,,,,0.0,3.378,253.5,,,,10400.0,,,,,,,,,,,,,,,,,""
8923094279,"Apr 20, 2023, 5:38:58 AM",Morning Run,Run,,2970,9.94,,,false,,,activities/8923094279.gpx,,,2970.0,2927.0,9948.7,11.784,3.399,11.2,11.2,3.6,9.0,13.7,0.0,,,,,,,,,932.0,,,,,,,,,,,,,,,,0.0,,1.0,9983.5,,,,,,,,,,,,,,,,,,,,,,,,,,0.0,3.35,2988.9,,,,7876.0,,,,,,,,,,,,,,,,,""
8863758844,"Apr 10, 2023, 6:40:41 AM",Morning Run,Run,,3752,13.11,,,false,,,activities/8863758844.gpx,,,3752.0,3704.0,13112.0,6.996,3.54,6.6,6.6,3.2,7.4,4.4,0.0,,,,,,,,,1226.0,,,,,,,,,,,,,,,,0.0,,1.0,13127.7,,,,,,,,,,,,,,,,,,,,,,,,,,0.0,3.495,98.9,,,,10234.0,,,,,,,,,,,,,,,,,""
8834986534,"Apr 5, 2023, 5:38:52 AM",Morning Run,Run,,3083,10.63,,,false,,,activities/8834986534.gpx,,,3083.0,2968.0,10635.4,7.61,3.583,8.4,8.4,2.5,6.2,9.0,0.0,,,,,,,,,995.0,,,,,,,,,,,,,,,,0.0,,1.0,10655.8,,,,,,,,,,,,,,,,,,,,,,,,,,0.0,3.45,1679.8,,,,8240.0,,,,,,,,,,,,,,,,,""
8789837581,"Mar 28, 2023, 6:00:23 AM",Morning Run,Run,,3281,10.69,,,false,,,activities/8789837581.gpx,,,3281.0,3180.0,10695.3,6.242,3.363,13.0,13.0,2.7,9.2,15.9,0.0,,,,,,,,,1002.0,,,,,,,,,,,,,,,,0.0,,1.0,10727.1,,,,,,,,,,,,,,,,,,,,,,,,,,0.0,3.26,114.6,,,,8716.0,,,,,,,,,,,,,,,,,""
8781152116,"Mar 26, 2023, 1:05:17 PM",Afternoon Run,Run,,5978,19.11,,,false,,,activities/8781152116.gpx,,,5978.0,5704.0,19112.9,5.882,3.351,18.4,18.4,-0.1,6.5,7.4,0.0,,,,,,,,,1788.0,,,,,,,,,,,,,,,,0.0,,1.0,19148.2,,,,,,,,,,,,,,,,,,,,,,,,,,0.0,3.197,858.8,,,,15044.0,,,,,,,,,,,,,,,,,""
8706062179,"Mar 13, 2023, 6:24:59 AM",Morning Run,Run,,3074,9.92,,,false,,,activities/8706062179.gpx,,,3074.0,3018.0,9920.4,6.512,3.287,11.6,11.6,3.5,9.0,49.1,0.0,,,,,,,,,931.0,,,,,,,,,,,,,,,,0.0,,1.0,9966.7,,,,,,,,,,,,,,,,,,,,,,,,,,0.0,3.227,2997.5,,,,8188.0,,,,,,,,,,,,,,,,,""
8673568454,"Mar 7, 2023, 6:37:13 AM",Morning Run,Run,,2615,9.16,,,false,,,activities/8673568454.gpx,,,2615.0,2571.0,9160.4,5.708,3.563,6.8,6.9,3.6,8.1,8.8,0.0,,,,,,,,,858.0,,,,,,,,,,,,,,,,0.0,,1.0,9188.0,,,,,,,,,,,,,,,,,,,,,,,,,,0.0,3.503,117.8,,,,6962.0,,,,,,,,,,,,,,,,,""
8665227617,"Mar 5, 2023, 2:08:40 PM",Afternoon Run,Run,,5585,18.21,,,false,,,activities/8665227617.gpx,,,5585.0,5494.0,18214.0,7.403,3.315,29.6,29.6,0.7,8.1,13.7,0.0,,,,,,,,,1707.0,,,,,,,,,,,,,,,,0.0,,1.0,18275.8,,,,,,,,,,,,,,,,,,,,,,,,,,0.0,3.261,1654.1,,,,14864.0,,,,,,,,,,,,,,,,,""
8651183940,"Mar 3, 2023, 6:16:00 AM",Interval Training,Run,"",2303,8.10,,,false,,,,,,2303.0,2303.0,8100.0,,3.517,,,,,,0.0,,,,,,,,,756.0,,,,,,,,,,,,,,0.0,,0.0,,0.0,,,,,,,,,,,,,,,,,,,,,,,,,,,0.0,3.517,0.0,,,,,,,,,,,,,,,,,,,,,""
8634511884,"Feb 28, 2023, 6:26:04 AM",Morning Run,Run,,3351,11.38,,,false,,,activities/8634511884.gpx,,,3351.0,3247.0,11381.6,6.15,3.505,12.9,12.6,-0.8,6.7,13.3,0.0,,,,,,,,,1066.0,,,,,,,,,,,,,,,,0.0,,1.0,11418.0,,,,,,,,,,,,,,,,,,,,,,,,,,0.0,3.396,13.8,,,,8740.0,,,,,,,,,,,,,,,,,""
8587820938,"Feb 19, 2023, 1:26:21 PM",Afternoon Run,Run,,5224,17.33,,,false,,,activities/8587820938.gpx,,,5224.0,5035.0,17335.8,8.012,3.443,22.9,22.6,1.0,8.4,12.3,0.0,,,,,,,,,1623.0,,,,,,,,,,,,,,,,0.0,,1.0,17379.6,,,,,,,,,,,,,,,,,,,,,,,,,,0.0,3.318,2991.5,,,,,,,,,,,,,,,,,,,,,""
8569249381,"Feb 16, 2023, 5:55:29 AM",Interval Training,Run,"",2520,8.10,,,false,,,,,,2520.0,2520.0,8100.0,,3.214,,,,,,0.0,,,,,,,,,756.0,,,,,,,,,,,,,,,,0.0,,0.0,,,,,,,,,,,,,,,,,,,,,,,,,,,0.0,3.214,0.0,,,,,,,,,,,,,,,,,,,,,""
8557945395,"Feb 14, 2023, 6:09:12 AM",Morning Run,Run,"",2993,10.08,,,false,,,activities/8557945395.gpx,,,2993.0,2857.0,10080.7,6.462,3.528,7.0,6.9,2.7,7.5,7.4,0.0,,,,,,,,,943.0,,,,,,,,,,,,,,0.0,,0.0,,1.0,10097.3,,,,,,,,,,,,,,,,,,,,,,,,,,0.0,3.368,1371.6,,,,,,,,,,,,,,,,,,,,,media/D433AC8C-14BB-4B46-8E2A-3FFC22820023.jpg|media/77B50D49-DA65-405B-A617-EE12296F610B.jpg|media/BCD79FF5-4BA5-4381-94E2-6981886C026F.jpg
8518852965,"Feb 7, 2023, 6:05:14 AM",Morning Run,Run,"",2542,8.75,,,false,,,activities/8518852965.gpx,,,2542.0,2461.0,8751.1,5.336,3.556,3.0,3.0,4.3,8.1,6.1,0.0,,,,,,,,,819.0,,,,,,,,,,,,,,0.0,,0.0,,1.0,8770.3,,,,,,,,,,,,,,,,,,,,,,,,,,0.0,3.443,0.0,,,,,,,,,,,,,,,,,,,,,media/0D076F6F-648C-465A-85A3-7B20160E091F.jpg|media/EFAB6B68-7884-41FF-B920-4DBD3DCAF46E.jpg
8442368446,"Jan 24, 2023, 6:12:42 AM",Morning Run,Run,"",2590,8.88,,,false,,,activities/8442368446.gpx,,,2590.0,2512.0,8879.8,6.068,3.535,4.5,4.5,3.1,7.7,5.9,0.0,,,,,,,,,831.0,,,,,,,,,,,,,,0.0,,0.0,,1.0,8899.3,,,,,,,,,,,,,,,,,,,,,,,,,,0.0,3.428,176.0,,,,,,,,,,,,,,,,,,,,,media/DC8E7E77-13C4-4BF0-9D3A-CB7BA7EC560B.jpg|media/E49BE14A-1051-470C-97E1-2119C0D11D95.jpg|media/F9C3C8A2-11AB-460D-A581-BCFC743B5735.jpg
8432932384,"Jan 22, 2023, 11:14:56 AM",Lunch Ride,Virtual Ride,"",3600,27.80,,,false,,,,,,3600.0,3600.0,27800.0,,7.722,,,,,,0.0,,,,,,,,,,,,,,,,,,,,,,,,,0.0,,0.0,,,,,,,,,,,,,,,,,,,,,,,,,,,0.0,7.722,0.0,,,,,,,,,,,,,,,,,,,,,""
8415933694,"Jan 19, 2023, 6:51:25 AM",Morning Run,Run,"",3171,10.44,,,false,,,activities/8415933694.gpx,,,3171.0,3052.0,10443.1,8.746,3.422,11.9,11.7,2.1,8.0,8.3,0.0,,,,,,,,,978.0,,,,,,,,,,,,,,0.0,,0.0,,1.0,10473.7,,,,,,,,,,,,,,,,,,,,,,,,,,0.0,3.293,0.0,,,,,,,,,,,,,,,,,,,,,media/FD8F6EC1-AAB6-486E-96D0-AD3FE0D668AF.jpg|media/3847D852-DB76-4CCA-89C3-5E36E5672FB6.jpg|media/DB85C856-BFEC-4DB9-9EC0-5DCB7DBFF69D.jpg
8399805708,"Jan 16, 2023, 6:47:38 AM",Morning Run,Run,,3475,11.00,,,false,,,activities/8399805708.gpx,,,3475.0,3292.0,10999.9,7.21,3.341,6.0,6.0,2.4,6.7,7.4,0.0,,,,,,,,,1029.0,,,,,,,,,,,,,,,,0.0,,1.0,11023.0,,,,,,,,,,,,,,,,,,,,,,,,,,0.0,3.165,1446.4,,,,,,,,,,,,,,,,,,,,,media/6E922BA2-7541-4A87-BADC-58285EFA8E1F.jpg|media/F82CE54C-06E0-442D-92B5-CA2352046C5C.jpg
8378462892,"Jan 12, 2023, 6:46:46 AM",Interval Training,Run,"",2220,7.50,,,false,,,,,,2220.0,2220.0,7500.0,,3.378,,,,,,0.0,,,,,,,,,700.0,,,,,,,,,,,,,,,,0.0,,0.0,,,,,,,,,,,,,,,,,,,,,,,,,,,0.0,3.378,0.0,,,,,,,,,,,,,,,,,,,,,""
8367463141,"Jan 10, 2023, 7:08:09 AM",Morning Run,Run,,2427,8.11,,,false,,,activities/8367463141.gpx,,,2427.0,2292.0,8109.3,7.112,3.538,10.5,10.5,-0.8,6.7,13.0,0.0,,,,,,,,,760.0,,,,,,,,,,,,,,,,0.0,,1.0,8138.6,,,,,,,,,,,,,,,,,,,,,,,,,,0.0,3.341,24.3,,,,,,,,,,,,,,,,,,,,,""
8356544637,"Jan 8, 2023, 7:55:40 AM",Morning Run,Run,,4689,15.43,,,false,,,activities/8356544637.gpx,,,4689.0,4547.0,15436.2,5.634,3.395,19.9,19.9,1.9,7.6,5.1,0.0,,,,,,,,,1444.0,,,,,,,,,,,,,,,,0.0,,1.0,15467.6,,,,,,,,,,,,,,,,,,,,,,,,,,0.0,3.292,1310.2,,,,,,,,,,,,,,,,,,,,,""
8329750203,"Jan 3, 2023, 7:26:12 AM",Morning Run,Run,"",2687,8.94,,,false,,,activities/8329750203.gpx,,,2687.0,2610.0,8940.1,6.318,3.425,5.8,5.8,3.7,7.9,6.9,0.0,,,,,,,,,837.0,,,,,,,,,,,,,,0.0,,0.0,,1.0,8961.7,,,,,,,,,,,,,,,,,,,,,,,,,,0.0,3.327,0.0,,,,,,,,,,,,,,,,,,,,,media/12011F6F-CCD8-455E-8F45-6C6CC68A8576.jpg
8261626176,"Dec 18, 2022, 8:10:44 AM",Morning Run,Run,,1893,6.68,,,false,,,activities/8261626176.gpx,,,1893.0,1876.0,6680.7,6.121,3.561,8.0,7.9,4.1,8.1,14.4,0.0,,,,,,,,,627.0,,,,,,,,,,,,,,,,0.0,,1.0,6715.0,,,,,,,,,,,,,,,,,,,,,,,,,,0.0,3.529,0.0,,,,,,,,,,,,,,,,,,,,,""
8179011936,"Nov 28, 2022, 7:27:14 AM",Morning Run,Run,,2861,9.48,189.0,172,false,,,activities/8179011936.gpx,,,2861.0,2844.0,9484.4,5.411,3.335,8.8,8.7,3.2,9.0,15.8,0.0,,,,,,177.0,,,888.0,,,172.0,,,,,,,,,,,,,0.0,,1.0,9514.2,,,,,,,,,,,,,,,,,,,,,,,,,,0.0,3.315,2363.4,,,,,,,,,,,,,,,,,,,,,""
8137847252,"Nov 19, 2022, 7:07:38 AM",Morning Run,Run,,3487,12.30,,,false,,,activities/8137847252.gpx,,,3487.0,3400.0,12299.0,7.712,3.617,18.2,18.5,1.1,8.0,6.9,0.0,,,,,,,,,1151.0,,,,,,,,,,,,,,,,0.0,,1.0,12327.3,,,,,,,,,,,,,,,,,,,,,,,,,,0.0,3.527,873.4,,,,,,,,,,,,,,,,,,,,,""
8065886888,"Nov 4, 2022, 7:09:29 AM",Morning Run,Run,"",3170,10.96,,,false,,,activities/8065886888.gpx,,,3170.0,3104.0,10968.5,7.484,3.534,15.1,15.1,-0.2,8.0,32.2,0.0,,,,,,,,,1029.0,,,,,,,,,,,,,,0.0,,0.0,,1.0,11018.5,,,,,,,,,,,,,,,,,,,,,,,,,,0.0,3.46,181.3,,,,,,,,,,,,,,,,,,,,,media/0790F9A8-DCA2-4C96-A809-276B9E86F340.jpg
8050911346,"Nov 1, 2022, 7:00:43 AM",Morning Run,Run,"",3677,12.25,,,false,,,activities/8050911346.gpx,,,3677.0,3480.0,12255.2,11.734,3.522,9.4,11.6,0.5,7.1,4.7,0.0,,,,,,,,,1146.0,,,,,,,,,,,,,,0.0,,0.0,,1.0,12267.4,,,,,,,,,,,,,,,,,,,,,,,,,,0.0,3.333,35.6,,,,,,,,,,,,,,,,,,,,,media/566B84D8-2831-4CA4-A098-B52919E3A1DD.jpg|media/15F63E3B-A7F6-404C-9FEE-0F69D2E43345.jpg
8005381998,"Oct 23, 2022, 7:27:27 AM",Morning Run,Run,,5239,9.52,195.0,160,false,,,activities/8005381998.gpx,,,5239.0,2773.0,9525.4,5.735,3.435,10.8,10.7,3.2,9.0,17.8,0.0,,,,,,176.0,,,893.0,,,160.0,,,,,,,,,,,,,0.0,,1.0,9558.3,,,,,,,,,,,,,,,,,,,,,,,,,,0.0,1.818,2362.4,,,,,,,,,,,,,,,,,,,,,""
7991111534,"Oct 20, 2022, 6:19:17 AM",Morning Run,Run,,4176,13.52,186.0,226,false,,,activities/7991111534.gpx,,,4176.0,4020.0,13526.7,5.102,3.365,25.5,25.6,6.2,24.9,6.8,0.0,,,,,,174.0,,,1267.0,,,226.0,,,,,,,,,,,,,0.0,,1.0,13563.7,,,,,,,,,,,,,,,,,,,,,,,,,,0.0,3.239,306.3,,,,,,,,,,,,,,,,,,,,,""
7956313089,"Oct 13, 2022, 10:45:39 AM",Lunch Run,Run,,2438,7.85,195.0,141,false,,,activities/7956313089.gpx,,,2438.0,2292.0,7856.6,6.684,3.428,30.6,30.5,4.4,25.9,14.7,0.0,,,,,,179.0,,,739.0,,,141.0,,,,,,,,,,,,,0.0,,1.0,7911.1,,,,,,,,,,,,,,,,,,,,,,,,,,0.0,3.223,7.5,,,,,,,,,,,,,,,,,,,,,""
7956312727,"Oct 13, 2022, 10:45:35 AM",Lunch Run,Run,,2293,8.49,,,false,,,activities/7956312727.gpx,,,2293.0,2252.0,8498.5,7.782,3.774,30.8,30.7,4.1,25.9,16.3,0.0,,,,,,,,,799.0,,,,,,,,,,,,,,,,0.0,,1.0,8553.5,,,,,,,,,,,,,,,,,,,,,,,,,,0.0,3.706,16.3,,,,,,,,,,,,,,,,,,,,,""
7944762898,"Oct 11, 2022, 5:57:10 AM",Morning Run,Run,,2386,7.98,185.0,117,false,,,activities/7944762898.gpx,,,2386.0,2267.0,7984.2,5.205,3.522,36.8,36.3,17.4,46.0,6.4,0.0,,,,,,171.0,,,748.0,,,117.0,,,,,,,,,,,,,0.0,,1.0,8010.5,,,,,,,,,,,,,,,,,,,,,,,,,,0.0,3.346,0.0,,,,,,,,,,,,,,,,,,,,,""
7931313442,"Oct 8, 2022, 2:05:12 PM",Afternoon Run,Run,,4684,15.20,187.0,217,false,,,activities/7931313442.gpx,,,4684.0,4360.0,15201.6,11.415,3.487,63.2,63.5,-1.7,41.0,47.5,0.0,,,,,,171.0,,,1430.0,,,217.0,,,,,,,,,,,,,0.0,,1.0,15310.7,,,,,,,,,,,,,,,,,,,,,,,,,,0.0,3.245,59.3,,,,,,,,,,,,,,,,,,,,,""
7918915146,"Oct 6, 2022, 5:34:03 AM",Morning Run,Run,,3144,10.34,185.0,152,false,,,activities/7918915146.gpx,,,3144.0,3021.0,10343.0,4.965,3.424,59.1,59.3,21.3,50.7,6.7,0.0,,,,,,171.0,,,972.0,,,152.0,,,,,,,,,,,,,0.0,,1.0,10410.8,,,,,,,,,,,,,,,,,,,,,,,,,,0.0,3.29,2346.2,,,,,,,,,,,,,,,,,,,,,""
7903516594,"Oct 3, 2022, 6:33:28 AM",Morning Run,Run,,3169,10.58,184.0,145,false,,,activities/7903516594.gpx,,,3169.0,3068.0,10586.7,5.009,3.451,13.7,14.0,11.8,21.5,3.5,0.0,,,,,,169.0,,,989.0,,,145.0,,,,,,,,,,,,,0.0,,1.0,10595.2,,,,,,,,,,,,,,,,,,,,,,,,,,0.0,3.341,0.0,,,,,,,,,,,,,,,,,,,,,""
7883454722,"Sep 29, 2022, 6:17:07 AM",Morning Run,Run,,2106,7.42,185.0,120,false,,,activities/7883454722.gpx,,,2106.0,2103.0,7424.9,5.869,3.531,27.9,28.3,20.4,33.7,3.5,0.0,,,,,,174.0,,,694.0,,,120.0,,,,,,,,,,,,,0.0,,1.0,7436.0,,,,,,,,,,,,,,,,,,,,,,,,,,0.0,3.526,1207.3,,,,,,,,,,,,,,,,,,,,,""
7869396481,"Sep 26, 2022, 11:13:23 AM",Interval Training,Run,"",1711,6.12,199.0,105,false,,,activities/7869396481.gpx,,,1711.0,1690.0,6121.6,6.082,3.622,9.7,7.9,16.1,23.3,6.1,0.0,,,,,,180.0,,,573.0,,,105.0,,,,,,,,,,,0.0,,0.0,,1.0,6136.0,,,,,,,,,,,,,,,,,,,,,,,,,,0.0,3.578,232.0,,,,,,,,,,,,,,,,,,,,,""
7864060124,"Sep 25, 2022, 10:17:32 AM",Lunch Run,Run,,2301,7.60,194.0,133,false,,,activities/7864060124.gpx,,,2301.0,2144.0,7608.0,5.213,3.548,24.1,24.9,14.9,25.7,6.3,0.0,,,,,,178.0,,,713.0,,,133.0,,,,,,,,,,,,,0.0,,1.0,7631.0,,,,,,,,,,,,,,,,,,,,,,,,,,0.0,3.306,217.2,,,,,,,,,,,,,,,,,,,,,""
7815908374,"Sep 16, 2022, 5:54:17 AM",Morning Run,Run,,2982,10.23,187.0,169,false,,,activities/7815908374.gpx,,,2982.0,2941.0,10237.0,5.953,3.481,38.6,39.3,16.1,44.9,6.3,0.0,,,,,,175.0,,,959.0,,,169.0,,,,,,,,,,,,,0.0,,1.0,10268.8,,,,,,,,,,,,,,,,,,,,,,,,,,0.0,3.433,218.7,,,,,,,,,,,,,,,,,,,,,""
7806232112,"Sep 14, 2022, 10:20:53 AM",Lunch Run,Run,,2113,7.46,187.0,116,false,,,activities/7806232112.gpx,,,2113.0,2110.0,7459.6,4.781,3.535,28.0,28.3,20.4,33.7,3.2,0.0,,,,,,173.0,,,698.0,,,116.0,,,,,,,,,,,,,0.0,,1.0,7470.5,,,,,,,,,,,,,,,,,,,,,,,,,,0.0,3.53,1000.8,,,,,,,,,,,,,,,,,,,,,""
7789040135,"Sep 11, 2022, 7:47:03 AM",Morning Run,Run,,4049,14.04,192.0,264,false,,,activities/7789040135.gpx,,,4049.0,4046.0,14043.9,7.185,3.471,24.8,25.8,6.2,26.3,8.9,0.0,,,,,,180.0,,,1313.0,,,264.0,,,,,,,,,,,,,0.0,,1.0,14064.5,,,,,,,,,,,,,,,,,,,,,,,,,,0.0,3.468,223.7,,,,,,,,,,,,,,,,,,,,,""
7779201817,"Sep 9, 2022, 10:44:53 AM",Lunch Run,Run,,1615,5.81,192.0,93,false,,,activities/7779201817.gpx,,,1615.0,1609.0,5812.9,6.354,3.613,7.8,7.8,16.1,21.4,3.6,0.0,,,,,,174.0,,,544.0,,,93.0,,,,,,,,,,,,,0.0,,1.0,5821.4,,,,,,,,,,,,,,,,,,,,,,,,,,0.0,3.599,0.0,,,,,,,,,,,,,,,,,,,,,""
7762231720,"Sep 6, 2022, 6:15:15 AM",Morning Run,Run,,2632,10.87,190.0,175,false,,,activities/7762231720.gpx,,,2632.0,2625.0,10878.9,8.321,4.144,14.6,10.9,11.8,21.2,2.6,0.0,,,,,,180.0,,,820.0,,,175.0,,,,,,,,,,,,,0.0,,1.0,8786.2,,,,,,,,,,,,,,,,,,,,,,,,,,0.0,4.133,220.1,,,,,,,,,,,,,,,,,,,,,""
7740511056,"Sep 2, 2022, 6:28:57 AM",Morning Run,Run,"",1871,5.29,,,false,,,activities/7740511056.gpx,,,1871.0,1691.0,5291.3,5.396,3.129,132.5,132.4,4.9,94.6,21.5,0.0,,,,,,,,,537.0,,,,,,,,,,,,,,0.0,,0.0,,1.0,5750.8,,,,,,,,,,,,,,,,,,,,,,,,,,0.0,2.828,1397.4,,,,,,,,,,,,,,,,,,,,,media/98F03FB6-5ABF-4FBE-BCE6-EBAC6D5AAC1A.jpg|media/B9FA8B88-7321-4CB8-A793-5E2F1C75B763.jpg|media/AFFE83CC-16C3-408C-A90F-F045F24BD4D0.jpg|media/1887727C-5C1D-438E-8DBC-D55BC2545168.jpg
7646810009,"Aug 16, 2022, 10:22:13 AM",Interval Training,Run,"",1639,5.78,195.0,99,false,,,activities/7646810009.gpx,,,1639.0,1633.0,5783.6,5.733,3.542,7.8,7.9,16.1,21.6,3.9,0.0,,,,,,178.0,,,541.0,,,99.0,,,,,,,,,,,0.0,,0.0,,1.0,5791.4,,,,,,,,,,,,,,,,,,,,,,,,,,0.0,3.529,0.0,,,,,,,,,,,,,,,,,,,,,""
7629271568,"Aug 13, 2022, 6:52:18 AM",Morning Run,Run,,3620,10.26,190.0,152,false,,,activities/7629271568.gpx,,,3620.0,3237.0,10265.9,5.338,3.171,176.9,177.2,11.0,153.9,30.1,0.0,,,,,,170.0,,,1000.0,,,152.0,,,,,,,,,,,,,0.0,,1.0,10711.7,,,,,,,,,,,,,,,,,,,,,,,,,,0.0,2.836,9278.4,,,,,,,,,,,,,,,,,,,,,""
7606950543,"Aug 9, 2022, 6:05:56 AM",Morning Run,Run,,2402,8.17,184.0,115,false,,,activities/7606950543.gpx,,,2402.0,2342.0,8170.4,5.808,3.489,23.7,23.4,14.9,24.9,6.1,0.0,,,,,,170.0,,,765.0,,,115.0,,,,,,,,,,,,,0.0,,1.0,8195.2,,,,,,,,,,,,,,,,,,,,,,,,,,0.0,3.401,206.0,,,,,,,,,,,,,,,,,,,,,""
7579718067,"Aug 4, 2022, 5:51:29 AM",Morning Run,Run,,2989,9.87,188.0,163,false,,,activities/7579718067.gpx,,,2989.0,2822.0,9871.9,5.414,3.498,68.5,68.4,22.3,50.7,11.4,0.0,,,,,,176.0,,,930.0,,,163.0,,,,,,,,,,,,,0.0,,1.0,9963.4,,,,,,,,,,,,,,,,,,,,,,,,,,0.0,3.303,1863.6,,,,,,,,,,,,,,,,,,,,,""
7563540560,"Aug 1, 2022, 10:47:25 AM",Interval Training,Run,"",1968,6.55,190.0,96,false,,,activities/7563540560.gpx,,,1968.0,1965.0,6556.9,6.416,3.337,26.5,26.6,21.8,33.8,6.3,0.0,,,,,,170.0,,,615.0,,,96.0,,,,,,,,,,,0.0,,0.0,,1.0,6583.8,,,,,,,,,,,,,,,,,,,,,,,,,,0.0,3.332,41.8,,,,,,,,,,,,,,,,,,,,,""
7546654363,"Jul 29, 2022, 6:07:26 AM",Morning Run,Run,,3099,10.52,190.0,188,false,,,activities/7546654363.gpx,,,3099.0,3091.0,10519.4,5.647,3.403,13.4,14.2,11.8,21.6,3.6,0.0,,,,,,177.0,,,983.0,,,188.0,,,,,,,,,,,,,0.0,,1.0,10528.1,,,,,,,,,,,,,,,,,,,,,,,,,,0.0,3.394,0.0,,,,,,,,,,,,,,,,,,,,,""
7530549946,"Jul 26, 2022, 10:18:53 AM",Lunch Run,Run,,2131,7.72,,,false,,,activities/7530549946.gpx,,,2131.0,2118.0,7727.0,5.378,3.648,29.0,28.8,20.4,33.7,3.8,0.0,,,,,,,,,723.0,,,,,,,,,,,,,,,,0.0,,1.0,7742.0,,,,,,,,,,,,,,,,,,,,,,,,,,0.0,3.626,758.7,,,,,,,,,,,,,,,,,,,,,""
7508419715,"Jul 22, 2022, 5:48:53 AM",Morning Run,Run,,2947,10.23,186.0,145,false,,,activities/7508419715.gpx,,,2947.0,2917.0,10231.2,4.873,3.507,39.6,39.7,16.1,45.0,5.7,0.0,,,,,,170.0,,,959.0,,,145.0,,,,,,,,,,,,,0.0,,1.0,10265.8,,,,,,,,,,,,,,,,,,,,,,,,,,0.0,3.472,215.3,,,,,,,,,,,,,,,,,,,,,""
7429303589,"Jul 7, 2022, 10:36:32 AM",Interval Training,Run,"",1811,6.09,198.0,86,false,,,activities/7429303589.gpx,,,1811.0,1799.0,6094.6,7.43,3.388,8.8,8.3,16.1,22.2,5.6,0.0,,,,,,171.0,,,570.0,,,86.0,,,,,,,,,,,0.0,,0.0,,1.0,6104.0,,,,,,,,,,,,,,,,,,,,,,,,,,0.0,3.365,0.0,,,,,,,,,,,,,,,,,,,,,""
7414790078,"Jul 4, 2022, 4:42:56 PM",Afternoon Run,Run,,2149,7.51,187.0,96,false,,,activities/7414790078.gpx,,,2149.0,2103.0,7510.9,5.013,3.572,28.8,28.7,20.4,33.7,3.4,0.0,,,,,,167.0,,,702.0,,,96.0,,,,,,,,,,,,,0.0,,1.0,7523.0,,,,,,,,,,,,,,,,,,,,,,,,,,0.0,3.495,724.3,,,,,,,,,,,,,,,,,,,,,""
7393805625,"Jun 30, 2022, 4:20:37 PM",Afternoon Run,Run,,3163,10.83,193.0,193,false,,,activities/7393805625.gpx,,,3163.0,3110.0,10837.1,5.608,3.485,14.8,15.1,11.8,21.6,2.9,0.0,,,,,,178.0,,,1013.0,,,193.0,,,,,,,,,,,,,0.0,,1.0,10843.8,,,,,,,,,,,,,,,,,,,,,,,,,,0.0,3.426,209.8,,,,,,,,,,,,,,,,,,,,,""
7343131768,"Jun 21, 2022, 6:17:03 AM",Morning Run,Run,,2276,7.45,187.0,110,false,,,activities/7343131768.gpx,,,2276.0,2183.0,7450.5,6.104,3.413,28.7,28.7,20.4,33.7,3.2,0.0,,,,,,171.0,,,697.0,,,110.0,,,,,,,,,,,,,0.0,,1.0,7462.4,,,,,,,,,,,,,,,,,,,,,,,,,,0.0,3.273,720.1,,,,,,,,,,,,,,,,,,,,,""
7265484756,"Jun 6, 2022, 4:12:45 PM",Afternoon Run,Run,,3075,10.76,184.0,131,false,,,activities/7265484756.gpx,,,3075.0,3030.0,10764.1,5.755,3.553,14.2,14.4,11.8,21.7,4.4,0.0,,,,,,167.0,,,1006.0,,,131.0,,,,,,,,,,,,,0.0,,1.0,10774.2,,,,,,,,,,,,,,,,,,,,,,,,,,0.0,3.501,0.0,,,,,,,,,,,,,,,,,,,,,""
7254142142,"Jun 4, 2022, 2:31:10 PM",Afternoon Run,Run,,2930,9.74,182.0,138,false,,,activities/7254142142.gpx,,,2930.0,2679.0,9744.7,5.541,3.637,58.4,58.2,21.6,50.7,6.9,0.0,,,,,,171.0,,,917.0,,,138.0,,,,,,,,,,,,,0.0,,1.0,9816.1,,,,,,,,,,,,,,,,,,,,,,,,,,0.0,3.326,2322.9,,,,,,,,,,,,,,,,,,,,,""
7235741659,"Jun 1, 2022, 5:48:20 AM",Morning Run,Run,,1863,6.67,182.0,78,false,,,activities/7235741659.gpx,,,1863.0,1807.0,6676.9,6.879,3.695,35.5,35.7,17.4,45.0,7.0,0.0,,,,,,167.0,,,626.0,,,78.0,,,,,,,,,,,,,0.0,,1.0,6706.7,,,,,,,,,,,,,,,,,,,,,,,,,,0.0,3.584,0.0,,,,,,,,,,,,,,,,,,,,,""
7231166587,"May 31, 2022, 10:41:13 AM",Lunch Run,Run,,1321,5.15,189.0,80,false,,,activities/7231166587.gpx,,,1321.0,1315.0,5149.6,5.829,3.916,16.6,17.0,21.3,32.0,4.5,0.0,,,,,,177.0,,,482.0,,,80.0,,,,,,,,,,,,,0.0,,1.0,5165.1,,,,,,,,,,,,,,,,,,,,,,,,,,0.0,3.898,24.2,,,,,,,,,,,,,,,,,,,,,""
7210431253,"May 27, 2022, 11:02:19 AM",Lunch Run,Run,,2191,7.37,179.0,96,false,,,activities/7210431253.gpx,,,2191.0,2154.0,7373.7,7.054,3.423,28.8,28.7,20.4,33.7,3.6,0.0,,,,,,167.0,,,689.0,,,96.0,,,,,,,,,,,,,0.0,,1.0,7377.1,,,,,,,,,,,,,,,,,,,,,,,,,,0.0,3.365,970.4,,,,,,,,,,,,,,,,,,,,,""
7194343874,"May 24, 2022, 10:48:16 AM",Lunch Run,Run,,1700,6.02,190.0,83,false,,,activities/7194343874.gpx,,,1700.0,1568.0,6019.6,6.165,3.839,9.4,7.8,16.2,23.2,2.6,0.0,,,,,,171.0,,,562.0,,,83.0,,,,,,,,,,,,,0.0,,1.0,6015.5,,,,,,,,,,,,,,,,,,,,,,,,,,0.0,3.541,224.1,,,,,,,,,,,,,,,,,,,,,""
7183285200,"May 22, 2022, 8:04:20 AM",Morning Run,Run,,8435,21.10,195.0,381,false,,,activities/7183285200.gpx,,,8435.0,5956.0,21102.3,4.917,3.543,67.7,69.5,5.0,24.5,5.5,0.0,,,,,,179.0,,,1974.0,,,381.0,,,,,,,,,,,,,0.0,,1.0,21143.8,,,,,,,,,,,,,,,,,,,,,,,,,,0.0,2.502,0.0,,,,,,,,,,,,,,,,,,,,,""
7168082881,"May 19, 2022, 10:59:41 AM",Lunch Run,Run,,2360,8.20,187.0,129,false,,,activities/7168082881.gpx,,,2360.0,2347.0,8200.7,4.956,3.494,22.6,22.6,14.9,24.8,6.3,0.0,,,,,,173.0,,,768.0,,,129.0,,,,,,,,,,,,,0.0,,1.0,8224.7,,,,,,,,,,,,,,,,,,,,,,,,,,0.0,3.475,209.7,,,,,,,,,,,,,,,,,,,,,""
7156720474,"May 17, 2022, 10:44:49 AM",Lunch Run,Run,,2150,7.50,189.0,108,false,,,activities/7156720474.gpx,,,2150.0,2134.0,7499.6,5.885,3.514,60.4,61.5,21.7,50.7,9.0,0.0,,,,,,171.0,,,708.0,,,108.0,,,,,,,,,,,,,0.0,,1.0,7579.4,,,,,,,,,,,,,,,,,,,,,,,,,,0.0,3.488,0.0,,,,,,,,,,,,,,,,,,,,,""
7124092172,"May 11, 2022, 10:40:17 AM",Interval Training,Run,"",2484,8.49,192.0,107,false,,,activities/7124092172.gpx,,,2484.0,2484.0,8494.1,5.499,3.42,60.4,60.6,21.3,46.0,5.5,0.0,,,,,,167.0,,,797.0,,,107.0,,,,,,,,,,,0.0,,0.0,,1.0,8537.1,,,,,,,,,,,,,,,,,,,,,,,,,,0.0,3.42,25.5,,,,,,,,,,,,,,,,,,,,,""
7111953946,"May 9, 2022, 6:12:32 AM",Morning Run,Run,,4683,16.33,181.0,245,false,,,activities/7111953946.gpx,,,4683.0,4670.0,16336.7,6.057,3.498,33.3,33.4,6.2,26.3,8.2,0.0,,,,,,171.0,,,1529.0,,,245.0,,,,,,,,,,,,,0.0,,1.0,16374.7,,,,,,,,,,,,,,,,,,,,,,,,,,0.0,3.489,513.3,,,,,,,,,,,,,,,,,,,,,""
7096570356,"May 6, 2022, 10:30:00 AM",Interval Training,Run,"",1648,5.59,191.0,80,false,,,activities/7096570356.gpx,,,1648.0,1630.0,5594.9,5.955,3.432,8.2,8.5,16.1,21.7,6.4,0.0,,,,,,171.0,,,523.0,,,80.0,,,,,,,,,,,0.0,,0.0,,1.0,5605.4,,,,,,,,,,,,,,,,,,,,,,,,,,0.0,3.395,0.0,,,,,,,,,,,,,,,,,,,,,""
7085081580,"May 4, 2022, 5:27:43 AM",Morning Run,Run,"",2975,10.60,,,false,,,activities/7085081580.gpx,,,2975.0,2936.0,10603.7,5.42,3.612,40.1,40.2,16.1,45.1,13.4,0.0,,,,,,,,,994.0,,,,,,,,,,,,,,0.0,,0.0,,1.0,10640.0,,,,,,,,,,,,,,,,,,,,,,,,,,0.0,3.564,0.0,,,,,,,,,,,,,,,,,,,,,""
7076215151,"May 2, 2022, 2:25:53 PM",Afternoon Run,Run,,2175,8.01,,,false,,,activities/7076215151.gpx,,,2175.0,2175.0,8009.7,5.846,3.683,28.8,28.9,20.2,31.8,3.7,0.0,,,,,,,,,750.0,,,,,,,,,,,,,,,,0.0,,1.0,8026.7,,,,,,,,,,,,,,,,,,,,,,,,,,0.0,3.683,748.4,,,,,,,,,,,,,,,,,,,,,""
7065528255,"Apr 30, 2022, 2:32:48 PM",Afternoon Run,Run,,3699,11.95,190.0,211,false,,,activities/7065528255.gpx,,,3699.0,3358.0,11958.4,6.964,3.561,29.5,29.7,6.2,24.8,10.4,0.0,,,,,,178.0,,,1120.0,,,211.0,,,,,,,,,,,,,0.0,,1.0,11993.2,,,,,,,,,,,,,,,,,,,,,,,,,,0.0,3.233,301.7,,,,,,,,,,,,,,,,,,,,,""
7052961290,"Apr 28, 2022, 5:55:49 AM",Morning Run,Run,,2787,9.67,189.0,152,false,,,activities/7052961290.gpx,,,2787.0,2723.0,9670.2,5.118,3.551,57.8,57.9,21.9,50.7,6.9,0.0,,,,,,175.0,,,910.0,,,152.0,,,,,,,,,,,,,0.0,,1.0,9744.4,,,,,,,,,,,,,,,,,,,,,,,,,,0.0,3.47,2369.3,,,,,,,,,,,,,,,,,,,,,""
7042874208,"Apr 26, 2022, 10:10:53 AM",Interval Training,Run,"",1905,6.29,196.0,96,false,,,activities/7042874208.gpx,,,1905.0,1810.0,6290.4,5.762,3.475,23.1,23.8,21.9,32.0,5.6,0.0,,,,,,174.0,,,584.0,,,96.0,,,,,,,,,,,0.0,,0.0,,1.0,6250.1,,,,,,,,,,,,,,,,,,,,,,,,,,0.0,3.302,475.3,,,,,,,,,,,,,,,,,,,,,""
7031848889,"Apr 24, 2022, 8:14:03 AM",Morning Run,Run,,4025,13.91,190.0,249,false,,,activities/7031848889.gpx,,,4025.0,3997.0,13915.8,5.089,3.482,28.8,28.8,6.2,29.2,5.1,0.0,,,,,,177.0,,,1302.0,,,249.0,,,,,,,,,,,,,0.0,,1.0,13945.2,,,,,,,,,,,,,,,,,,,,,,,,,,0.0,3.457,498.6,,,,,,,,,,,,,,,,,,,,,""
7010682425,"Apr 20, 2022, 5:38:23 AM",Morning Run,Run,,2941,10.09,182.0,139,false,,,activities/7010682425.gpx,,,2941.0,2925.0,10089.1,5.181,3.449,38.5,39.3,16.1,44.9,6.3,0.0,,,,,,169.0,,,940.0,,,139.0,,,,,,,,,,,,,0.0,,1.0,10064.7,,,,,,,,,,,,,,,,,,,,,,,,,,0.0,3.431,188.5,,,,,,,,,,,,,,,,,,,,,""
6999887434,"Apr 18, 2022, 6:46:35 AM",Morning Trail Run,Run,"",3887,11.13,193.0,167,false,,,activities/6999887434.gpx,,,3887.0,3625.0,11138.8,4.919,3.073,221.8,221.6,11.0,162.5,25.2,0.0,,,,,,169.0,,,1100.0,,,167.0,,,,,,,,,,,0.0,,0.0,,1.0,11782.9,,,,,,,,,,,,,,,,,,,,,,,,,,0.0,2.866,9498.8,,,,,,,,,,,,,,,,,,,,,""
6989376610,"Apr 16, 2022, 7:28:30 AM",Morning Trail Run,Run,"",4227,9.45,189.0,134,false,,,activities/6989376610.gpx,,,4227.0,3176.0,9452.1,4.733,2.976,213.0,213.8,11.1,162.5,29.5,0.0,,,,,,167.0,,,951.0,,,134.0,,,,,,,,,,,0.0,,0.0,,1.0,10182.9,,,,,,,,,,,,,,,,,,,,,,,,,,0.0,2.236,7817.7,,,,,,,,,,,,,,,,,,,,,media/782EC453-B934-4B3E-AD25-53F84F796579.jpg|media/FB62A3B0-0CF1-4CE1-8F1B-EC23B5AE1BE4.jpg|media/CC64BCB3-7C94-4086-8A5A-1A8C7DFA3AB6.jpg|media/9B1CB5F8-493E-4979-BD9B-6F545ACE2171.jpg|media/B2E00C2D-A873-4961-9512-574A99909800.jpg|media/615DFE3F-275D-4FD0-BE01-7E5C1764F268.jpg|media/A7A6F37E-8288-4EAC-AE2E-21938CE3E03C.jpg|media/DA5F78CF-1CA7-424D-A21E-BD27F5DDE54C.jpg|media/A4A12A10-531C-49AC-86CE-30D9DC08C830.jpg|media/01B08E39-C31F-4238-B0C0-C6D826D366A2.jpg|media/722C82A8-3597-4DD8-B13A-A2A890E149C3.jpg|media/67AC4018-AA87-4F41-B721-331ACB2783B6.jpg
6974573221,"Apr 13, 2022, 10:37:35 AM",Interval Training,Run,"",2063,6.68,197.0,89,false,,,activities/6974573221.gpx,,,2063.0,2056.0,6686.7,6.641,3.252,12.9,12.7,16.1,24.2,10.2,0.0,,,,,,167.0,,,622.0,,,89.0,,,,,,,,,,,0.0,,0.0,,1.0,6659.3,,,,,,,,,,,,,,,,,,,,,,,,,,0.0,3.241,0.0,,,,,,,,,,,,,,,,,,,,,""
6968368167,"Apr 12, 2022, 6:24:45 AM",Morning Run,Run,,3045,10.63,190.0,179,false,,,activities/6968368167.gpx,,,3045.0,3000.0,10632.4,5.716,3.544,14.1,14.2,11.8,21.6,6.4,0.0,,,,,,175.0,,,994.0,,,179.0,,,,,,,,,,,,,0.0,,1.0,10643.9,,,,,,,,,,,,,,,,,,,,,,,,,,0.0,3.492,0.0,,,,,,,,,,,,,,,,,,,,,""
6938560646,"Apr 6, 2022, 5:43:50 AM",Morning Run,Run,,1908,6.58,191.0,122,false,,,activities/6938560646.gpx,,,1908.0,1908.0,6579.8,4.761,3.449,34.9,35.4,17.4,45.0,7.0,0.0,,,,,,180.0,,,616.0,,,122.0,,,,,,,,,,,,,0.0,,1.0,6593.0,,,,,,,,,,,,,,,,,,,,,,,,,,0.0,3.449,0.0,,,,,,,,,,,,,,,,,,,,,""
6895027182,"Mar 28, 2022, 6:51:27 AM",Morning Run,Run,,3007,10.61,180.0,140,false,,,activities/6895027182.gpx,,,3007.0,3007.0,10609.1,5.198,3.528,14.6,15.1,11.8,21.7,5.8,0.0,,,,,,169.0,,,991.0,,,140.0,,,,,,,,,,,,,0.0,,1.0,10608.6,,,,,,,,,,,,,,,,,,,,,,,,,,0.0,3.528,200.6,,,,,,,,,,,,,,,,,,,,,""
6874533414,"Mar 24, 2022, 11:28:41 AM",Lunch Run,Run,,1553,5.90,193.0,95,false,,,activities/6874533414.gpx,,,1553.0,1553.0,5899.2,5.276,3.799,8.2,8.4,16.1,21.6,7.3,0.0,,,,,,177.0,,,552.0,,,95.0,,,,,,,,,,,,,0.0,,1.0,5908.0,,,,,,,,,,,,,,,,,,,,,,,,,,0.0,3.799,0.0,,,,,,,,,,,,,,,,,,,,,""
6863624515,"Mar 22, 2022, 11:15:46 AM",Lunch Run,Run,,2439,9.16,,,false,,,activities/6863624515.gpx,,,2439.0,2404.0,9161.0,6.432,3.811,32.5,32.4,16.7,33.7,6.3,0.0,,,,,,,,,858.0,,,,,,,,,,,,,,,,0.0,,1.0,9187.7,,,,,,,,,,,,,,,,,,,,,,,,,,0.0,3.756,978.4,,,,,,,,,,,,,,,,,,,,,""
6846320910,"Mar 19, 2022, 7:33:12 AM",Morning Run,Run,,2905,10.70,,,false,,,activities/6846320910.gpx,,,2905.0,2884.0,10700.8,7.626,3.71,39.6,39.7,16.1,45.1,7.6,0.0,,,,,,,,,1003.0,,,,,,,,,,,,,,,,0.0,,1.0,10740.7,,,,,,,,,,,,,,,,,,,,,,,,,,0.0,3.684,0.0,,,,,,,,,,,,,,,,,,,,,""
6823060089,"Mar 14, 2022, 3:13:26 PM",Afternoon Run,Run,,2005,7.65,,,false,,,activities/6823060089.gpx,,,2005.0,1994.0,7649.8,5.788,3.836,26.4,26.4,20.2,32.0,5.7,0.0,,,,,,,,,716.0,,,,,,,,,,,,,,,,0.0,,1.0,7666.7,,,,,,,,,,,,,,,,,,,,,,,,,,0.0,3.815,1055.8,,,,,,,,,,,,,,,,,,,,,""
6780253950,"Mar 6, 2022, 8:06:48 AM",Morning Run,Run,,3652,13.62,,,false,,,activities/6780253950.gpx,,,3652.0,3539.0,13619.7,6.812,3.848,27.3,27.5,6.2,24.8,8.6,0.0,,,,,,,,,1276.0,,,,,,,,,,,,,,,,0.0,,1.0,13659.4,,,,,,,,,,,,,,,,,,,,,,,,,,0.0,3.729,249.7,,,,,,,,,,,,,,,,,,,,,""
6765185204,"Mar 3, 2022, 7:13:39 AM",Morning Run,Run,,2063,7.79,,,false,,,activities/6765185204.gpx,,,2063.0,2036.0,7796.1,6.406,3.829,28.3,28.2,20.2,33.7,5.0,0.0,,,,,,,,,729.0,,,,,,,,,,,,,,,,0.0,,1.0,7812.0,,,,,,,,,,,,,,,,,,,,,,,,,,0.0,3.779,752.1,,,,,,,,,,,,,,,,,,,,,media/A6E4ABDC-DBC6-43DE-BB87-A825E2735C4F.jpg
6755497536,"Mar 1, 2022, 11:07:28 AM",Lunch Run,Run,,1581,6.01,,,false,,,activities/6755497536.gpx,,,1581.0,1574.0,6015.8,7.386,3.822,7.8,8.4,16.1,21.6,4.4,0.0,,,,,,,,,562.0,,,,,,,,,,,,,,,,0.0,,1.0,6022.9,,,,,,,,,,,,,,,,,,,,,,,,,,0.0,3.805,0.0,,,,,,,,,,,,,,,,,,,,,""
6724884818,"Feb 23, 2022, 7:08:42 AM",Morning Run,Run,,1881,7.03,,,false,,,activities/6724884818.gpx,,,1881.0,1868.0,7038.6,5.684,3.768,35.6,35.7,17.3,44.9,12.0,0.0,,,,,,,,,661.0,,,,,,,,,,,,,,,,0.0,,1.0,7077.3,,,,,,,,,,,,,,,,,,,,,,,,,,0.0,3.742,0.0,,,,,,,,,,,,,,,,,,,,,""
6690436270,"Feb 16, 2022, 6:56:36 AM",Morning Run,Run,,2580,10.00,,,false,,,activities/6690436270.gpx,,,2580.0,2573.0,10004.8,7.43,3.888,12.0,11.7,13.6,23.1,3.9,0.0,,,,,,,,,935.0,,,,,,,,,,,,,,,,0.0,,1.0,10017.4,,,,,,,,,,,,,,,,,,,,,,,,,,0.0,3.878,0.0,,,,,,,,,,,,,,,,,,,,,""
6675723638,"Feb 13, 2022, 9:04:14 AM",Morning Run,Run,,5196,19.21,,,false,,,activities/6675723638.gpx,,,5196.0,5185.0,19210.7,7.474,3.705,62.6,62.4,6.2,44.9,22.6,0.0,,,,,,,,,1801.0,,,,,,,,,,,,,,,,0.0,,1.0,19291.9,,,,,,,,,,,,,,,,,,,,,,,,,,0.0,3.697,263.7,,,,,,,,,,,,,,,,,,,,,""
6659745180,"Feb 10, 2022, 6:59:37 AM",Morning Run,Run,,3296,11.81,,,false,,,activities/6659745180.gpx,,,3296.0,3194.0,11816.7,7.612,3.7,72.3,72.4,21.4,50.4,11.3,0.0,,,,,,,,,1111.0,,,,,,,,,,,,,,,,0.0,,1.0,11901.2,,,,,,,,,,,,,,,,,,,,,,,,,,0.0,3.585,1600.2,,,,,,,,,,,,,,,,,,,,,""
6644473494,"Feb 7, 2022, 10:39:43 AM",Morning Run,Run,,2425,9.22,,,false,,,activities/6644473494.gpx,,,2425.0,2391.0,9222.3,6.972,3.857,31.9,31.9,16.9,33.7,8.5,0.0,,,,,,,,,863.0,,,,,,,,,,,,,,,,0.0,,1.0,9246.9,,,,,,,,,,,,,,,,,,,,,,,,,,0.0,3.803,510.5,,,,,,,,,,,,,,,,,,,,,""
6628720970,"Feb 4, 2022, 7:07:19 AM",Morning Run,Run,,2926,10.61,,,false,,,activities/6628720970.gpx,,,2926.0,2913.0,10611.5,6.152,3.643,38.7,38.8,16.0,44.9,10.3,0.0,,,,,,,,,994.0,,,,,,,,,,,,,,,,0.0,,1.0,10649.7,,,,,,,,,,,,,,,,,,,,,,,,,,0.0,3.627,0.0,,,,,,,,,,,,,,,,,,,,,""
6619466397,"Feb 2, 2022, 11:17:35 AM",Lunch Run,Run,,1508,6.14,,,false,,,activities/6619466397.gpx,,,1508.0,1493.0,6144.9,7.016,4.116,7.8,8.5,16.0,21.7,4.4,0.0,,,,,,,,,575.0,,,,,,,,,,,,,,,,0.0,,1.0,6152.9,,,,,,,,,,,,,,,,,,,,,,,,,,0.0,4.075,0.0,,,,,,,,,,,,,,,,,,,,,""
6609172504,"Jan 31, 2022, 10:32:27 AM",Morning Run,Run,,2177,8.14,,,false,,,activities/6609172504.gpx,,,2177.0,2168.0,8143.5,6.334,3.756,29.1,29.0,20.3,31.7,5.1,0.0,,,,,,,,,762.0,,,,,,,,,,,,,,,,0.0,,1.0,8161.3,,,,,,,,,,,,,,,,,,,,,,,,,,0.0,3.741,742.4,,,,,,,,,,,,,,,,,,,,,""
6588259013,"Jan 27, 2022, 6:57:28 AM",Morning Run,Run,,3138,11.53,,,false,,,activities/6588259013.gpx,,,3138.0,3110.0,11531.4,6.32,3.708,12.2,12.7,11.7,21.6,17.0,0.0,,,,,,,,,1078.0,,,,,,,,,,,,,,,,0.0,,1.0,11546.9,,,,,,,,,,,,,,,,,,,,,,,,,,0.0,3.675,0.0,,,,,,,,,,,,,,,,,,,,,""
6578538047,"Jan 25, 2022, 10:55:59 AM",Morning Run,Run,,2238,8.64,,,false,,,activities/6578538047.gpx,,,2238.0,2235.0,8641.5,7.122,3.866,38.2,38.2,17.3,44.9,13.9,0.0,,,,,,,,,810.0,,,,,,,,,,,,,,,,0.0,,1.0,8678.5,,,,,,,,,,,,,,,,,,,,,,,,,,0.0,3.861,0.0,,,,,,,,,,,,,,,,,,,,,""
6557090281,"Jan 21, 2022, 7:14:53 AM",Morning Run,Run,"",3320,12.17,,,false,,,activities/6557090281.gpx,,,3320.0,3260.0,12174.7,7.075,3.735,39.5,39.6,15.1,33.7,5.9,0.0,,,,,,,,,1139.0,,,,,,,,,,,,,,0.0,,0.0,,1.0,12200.0,,,,,,,,,,,,,,,,,,,,,,,,,,0.0,3.667,760.3,,,,,,,,,,,,,,,,,,,,,media/C1159735-313D-4785-9469-A1D5E0C45939.jpg
6548173341,"Jan 19, 2022, 12:41:26 PM",Lunch Run,Run,,1199,5.03,,,false,,,activities/6548173341.gpx,,,1199.0,1199.0,5033.0,7.148,4.198,17.2,17.3,21.6,31.9,5.1,0.0,,,,,,,,,471.0,,,,,,,,,,,,,,,,0.0,,1.0,5047.7,,,,,,,,,,,,,,,,,,,,,,,,,,0.0,4.198,0.0,,,,,,,,,,,,,,,,,,,,,""
6536656958,"Jan 17, 2022, 7:16:31 AM",Morning Run,Run,,2913,10.75,,,false,,,activities/6536656958.gpx,,,2913.0,2879.0,10754.3,6.129,3.735,38.8,38.9,16.0,43.9,13.1,0.0,,,,,,,,,1008.0,,,,,,,,,,,,,,,,0.0,,1.0,10792.4,,,,,,,,,,,,,,,,,,,,,,,,,,0.0,3.692,0.0,,,,,,,,,,,,,,,,,,,,,""
6505091393,"Jan 11, 2022, 7:15:32 AM",Morning Run,Run,,2723,9.45,,,false,,,activities/6505091393.gpx,,,2723.0,2642.0,9454.5,5.471,3.579,69.2,69.1,21.8,50.4,7.1,0.0,,,,,,,,,891.0,,,,,,,,,,,,,,,,0.0,,1.0,9543.5,,,,,,,,,,,,,,,,,,,,,,,,,,0.0,3.472,1116.7,,,,,,,,,,,,,,,,,,,,,""
6485006081,"Jan 7, 2022, 7:42:52 AM",Morning Run,Run,,3035,10.73,,,false,,,activities/6485006081.gpx,,,3035.0,2965.0,10729.2,6.466,3.619,13.4,14.0,11.7,21.6,9.7,0.0,,,,,,,,,1003.0,,,,,,,,,,,,,,,,0.0,,1.0,10746.1,,,,,,,,,,,,,,,,,,,,,,,,,,0.0,3.535,0.0,,,,,,,,,,,,,,,,,,,,,""
6471836650,"Jan 4, 2022, 3:25:06 PM",Afternoon Run,Run,,2006,7.63,,,false,,,activities/6471836650.gpx,,,2006.0,1993.0,7636.4,5.842,3.832,27.4,27.5,20.3,33.6,4.8,0.0,,,,,,,,,714.0,,,,,,,,,,,,,,,,0.0,,1.0,7650.7,,,,,,,,,,,,,,,,,,,,,,,,,,0.0,3.807,748.1,,,,,,,,,,,,,,,,,,,,,""
6460725809,"Jan 2, 2022, 12:30:52 PM",Lunch Run,Run,,1214,5.00,,,false,,,activities/6460725809.gpx,,,1214.0,1210.0,5004.9,6.75,4.136,17.1,17.5,21.4,31.9,4.9,0.0,,,,,,,,,469.0,,,,,,,,,,,,,,,,0.0,,1.0,5020.8,,,,,,,,,,,,,,,,,,,,,,,,,,0.0,4.123,0.0,,,,,,,,,,,,,,,,,,,,,""
6437400444,"Dec 28, 2021, 11:10:27 AM",Lunch Run,Run,,4414,15.71,,,false,,,activities/6437400444.gpx,,,4414.0,4406.0,15716.9,4.964,3.567,16.7,16.6,3.3,10.8,19.4,0.0,,,,,,,,,1472.0,,,,,,,,,,,,,,,,0.0,,1.0,15767.3,,,,,,,,,,,,,,,,,,,,,,,,,,0.0,3.561,4284.4,,,,,,,,,,,,,,,,,,,,,""
6410099954,"Dec 21, 2021, 9:44:41 AM",Morning Run,Run,,5844,21.69,,,false,,,activities/6410099954.gpx,,,5844.0,5819.0,21689.8,6.6,3.727,42.0,42.1,6.7,30.9,11.6,0.0,,,,,,,,,2031.0,,,,,,,,,,,,,,,,0.0,,1.0,21750.4,,,,,,,,,,,,,,,,,,,,,,,,,,0.0,3.711,2593.6,,,,,,,,,,,,,,,,,,,,,""
6397165794,"Dec 18, 2021, 8:00:15 AM",Morning Run,Run,,3264,12.01,,,false,,,activities/6397165794.gpx,,,3264.0,3245.0,12012.1,6.248,3.702,33.1,33.3,15.1,31.9,12.4,0.0,,,,,,,,,1125.0,,,,,,,,,,,,,,,,0.0,,1.0,12043.3,,,,,,,,,,,,,,,,,,,,,,,,,,0.0,3.68,611.9,,,,,,,,,,,,,,,,,,,,,""
6385799749,"Dec 15, 2021, 7:10:29 AM",Morning Run,Run,,2943,10.74,,,false,,,activities/6385799749.gpx,,,2943.0,2937.0,10743.8,6.138,3.658,13.7,13.8,11.7,21.5,4.2,0.0,,,,,,,,,1005.0,,,,,,,,,,,,,,,,0.0,,1.0,10758.2,,,,,,,,,,,,,,,,,,,,,,,,,,0.0,3.651,0.0,,,,,,,,,,,,,,,,,,,,,""
6373453056,"Dec 12, 2021, 8:47:11 AM",Morning Run,Run,,3667,12.81,,,false,,,activities/6373453056.gpx,,,3667.0,3644.0,12810.8,5.832,3.516,80.3,80.3,16.9,50.4,6.7,0.0,,,,,,,,,1205.0,,,,,,,,,,,,,,,,0.0,,1.0,12902.0,,,,,,,,,,,,,,,,,,,,,,,,,,0.0,3.494,1146.8,,,,,,,,,,,,,,,,,,,,,""
6366169621,"Dec 10, 2021, 12:18:30 PM",Lunch Run,Run,,1419,5.72,,,false,,,activities/6366169621.gpx,,,1419.0,1419.0,5726.1,7.64,4.035,7.5,8.4,16.0,21.6,8.7,0.0,,,,,,,,,536.0,,,,,,,,,,,,,,,,0.0,,1.0,5737.8,,,,,,,,,,,,,,,,,,,,,,,,,,0.0,4.035,0.0,,,,,,,,,,,,,,,,,,,,,""
6345585545,"Dec 5, 2021, 9:47:05 AM",Morning Run,Run,,3824,14.42,,,false,,,activities/6345585545.gpx,,,3824.0,3816.0,14420.2,6.544,3.779,27.0,27.0,6.2,26.2,10.9,0.0,,,,,,,,,1350.0,,,,,,,,,,,,,,,,0.0,,1.0,14454.3,,,,,,,,,,,,,,,,,,,,,,,,,,0.0,3.771,243.9,,,,,,,,,,,,,,,,,,,,,""
6337650659,"Dec 3, 2021, 11:27:50 AM",Lunch Run,Run,,2324,8.62,,,false,,,activities/6337650659.gpx,,,2324.0,2316.0,8627.4,8.304,3.725,44.5,44.9,17.3,45.9,9.9,0.0,,,,,,,,,810.0,,,,,,,,,,,,,,,,0.0,,1.0,8678.7,,,,,,,,,,,,,,,,,,,,,,,,,,0.0,3.712,0.0,,,,,,,,,,,,,,,,,,,,,""
6321019427,"Nov 29, 2021, 11:01:04 AM",Lunch Run,Run,,2079,7.79,,,false,,,activities/6321019427.gpx,,,2079.0,2079.0,7794.9,5.878,3.749,28.5,28.2,20.3,31.7,4.7,0.0,,,,,,,,,730.0,,,,,,,,,,,,,,,,0.0,,1.0,7812.6,,,,,,,,,,,,,,,,,,,,,,,,,,0.0,3.749,744.2,,,,,,,,,,,,,,,,,,,,,""
6309053778,"Nov 26, 2021, 11:52:39 AM",Lunch Run,Run,,2245,8.40,,,false,,,activities/6309053778.gpx,,,2245.0,2216.0,8404.9,6.604,3.793,22.3,22.2,15.1,24.9,5.8,0.0,,,,,,,,,787.0,,,,,,,,,,,,,,,,0.0,,1.0,8430.3,,,,,,,,,,,,,,,,,,,,,,,,,,0.0,3.744,0.0,,,,,,,,,,,,,,,,,,,,,""
6296487772,"Nov 23, 2021, 12:24:23 PM",Lunch Run,Run,"",2850,10.00,,,false,,,activities/6296487772.gpx,,,2850.0,2719.0,10007.3,6.768,3.681,13.3,12.7,-0.7,9.2,21.9,0.0,,,,,,,,,941.0,,,,,,,,,,,,,,0.0,,0.0,,1.0,10072.3,,,,,,,,,,,,,,,,,,,,,,,,,,0.0,3.511,2473.8,,,,,,,,,,,,,,,,,,,,,media/31689CE6-DFD9-427F-B61A-49B47EF94328.jpg
6287638201,"Nov 21, 2021, 10:27:17 AM",Morning Run,Run,,6222,18.91,,,false,,,activities/6287638201.gpx,,,6222.0,6194.0,18909.8,8.546,3.053,158.2,123.8,24.4,75.6,10.4,0.2,,,,,,,,,1793.0,,,,,,,,,,,,,,,,0.0,,1.0,19199.3,,,,,,,,,,,,,,,,,,,,,,,,,,0.0,3.039,1672.6,,,,,,,,,,,,,,,,,,,,,""
6268889169,"Nov 17, 2021, 6:43:04 AM",Morning Run,Run,"",2061,7.43,,,false,,,activities/6268889169.gpx,,,2061.0,2010.0,7437.9,5.784,3.7,27.2,27.1,20.3,33.7,6.0,0.0,,,,,,,,,696.0,,,,,,,,,,,,,,0.0,,0.0,,1.0,7453.4,,,,,,,,,,,,,,,,,,,,,,,,,,0.0,3.609,709.5,,,,,,,,,,,,,,,,,,,,,media/B86B39A0-3FBF-4335-A2E0-7FF751F8C278.jpg
6246290399,"Nov 12, 2021, 7:27:39 AM",Morning Run,Run,,3007,11.00,,,false,,,activities/6246290399.gpx,,,3007.0,2986.0,11008.0,6.52,3.687,14.9,15.0,11.7,21.6,4.1,0.0,,,,,,,,,1029.0,,,,,,,,,,,,,,,,0.0,,1.0,11018.9,,,,,,,,,,,,,,,,,,,,,,,,,,0.0,3.661,262.1,,,,,,,,,,,,,,,,,,,,,""
6233160921,"Nov 9, 2021, 11:07:40 AM",Lunch Run,Run,,2161,8.00,,,false,,,activities/6233160921.gpx,,,2161.0,2160.0,8007.7,5.596,3.707,36.4,36.7,17.3,45.9,12.7,0.0,,,,,,,,,751.0,,,,,,,,,,,,,,,,0.0,,1.0,8040.7,,,,,,,,,,,,,,,,,,,,,,,,,,0.0,3.706,0.0,,,,,,,,,,,,,,,,,,,,,""
6218899987,"Nov 6, 2021, 10:46:55 AM",Morning Run,Run,,3778,14.41,,,false,,,activities/6218899987.gpx,,,3778.0,3755.0,14418.3,7.296,3.84,27.1,27.2,6.2,27.0,15.5,0.0,,,,,,,,,1350.0,,,,,,,,,,,,,,,,0.0,,1.0,14452.7,,,,,,,,,,,,,,,,,,,,,,,,,,0.0,3.816,246.7,,,,,,,,,,,,,,,,,,,,,""
6196455091,"Nov 1, 2021, 11:30:37 AM",Lunch Run,Run,,2171,8.17,,,false,,,activities/6196455091.gpx,,,2171.0,2144.0,8172.3,6.528,3.812,22.0,22.7,15.1,24.9,10.6,0.0,,,,,,,,,765.0,,,,,,,,,,,,,,,,0.0,,1.0,8195.8,,,,,,,,,,,,,,,,,,,,,,,,,,0.0,3.764,0.0,,,,,,,,,,,,,,,,,,,,,""
6190511685,"Oct 31, 2021, 8:00:48 AM",Morning Run,Run,,1114,3.93,,,false,,,activities/6190511685.gpx,,,1114.0,1082.0,3938.6,6.428,3.64,29.6,18.9,189.6,219.2,10.4,0.3,,,,,,,,,373.0,,,,,,,,,,,,,,,,0.0,,1.0,3996.9,,,,,,,,,,,,,,,,,,,,,,,,,,0.0,3.536,0.0,,,,,,,,,,,,,,,,,,,,,""
6163786239,"Oct 25, 2021, 10:19:38 AM",Lunch Run,Run,,2159,8.21,,,false,,,activities/6163786239.gpx,,,2159.0,2133.0,8218.8,7.488,3.853,36.6,36.8,17.2,45.9,7.9,0.0,,,,,,,,,771.0,,,,,,,,,,,,,,,,0.0,,1.0,8254.9,,,,,,,,,,,,,,,,,,,,,,,,,,0.0,3.807,0.0,,,,,,,,,,,,,,,,,,,,,""
6149317367,"Oct 22, 2021, 10:12:27 AM",Lunch Run,Run,,2173,7.43,,,false,,,activities/6149317367.gpx,,,2173.0,2153.0,7431.4,6.03,3.452,25.5,24.7,20.3,33.7,6.6,0.0,,,,,,,,,696.0,,,,,,,,,,,,,,,,0.0,,1.0,7449.4,,,,,,,,,,,,,,,,,,,,,,,,,,0.0,3.42,749.4,,,,,,,,,,,,,,,,,,,,,""
6102433429,"Oct 12, 2021, 2:29:38 PM",Afternoon Run,Run,,1250,5.00,,,false,,,activities/6102433429.gpx,,,1250.0,1238.0,5007.0,7.2,4.044,17.2,17.6,21.4,31.9,5.4,0.0,,,,,,,,,469.0,,,,,,,,,,,,,,,,0.0,,1.0,5022.3,,,,,,,,,,,,,,,,,,,,,,,,,,0.0,4.006,,,,,,,,,,,,,,,,,,,,,,""
6093139518,"Oct 10, 2021, 1:59:53 PM",Afternoon Run,Run,,3178,10.93,,,false,,,activities/6093139518.gpx,,,3178.0,3151.0,10934.8,6.6,3.47,71.9,71.7,20.3,50.4,7.3,0.0,,,,,,,,,1029.0,,,,,,,,,,,,,,,,0.0,,1.0,11018.3,,,,,,,,,,,,,,,,,,,,,,,,,,0.0,3.441,,,,,,,,,,,,,,,,,,,,,,""
6081390129,"Oct 8, 2021, 10:21:45 AM",Lunch Run,Run,,3022,11.01,,,false,,,activities/6081390129.gpx,,,3022.0,3010.0,11012.3,7.1,3.659,13.7,13.9,11.7,21.6,4.6,0.0,,,,,,,,,1029.0,,,,,,,,,,,,,,,,0.0,,1.0,11024.8,,,,,,,,,,,,,,,,,,,,,,,,,,0.0,3.644,,,,,,,,,,,,,,,,,,,,,,""
6066266869,"Oct 5, 2021, 10:01:41 AM",Lunch Run,Run,,1585,5.84,,,false,,,activities/6066266869.gpx,,,1585.0,1585.0,5844.8,5.5,3.688,7.9,8.5,16.0,21.7,4.8,0.0,,,,,,,,,546.0,,,,,,,,,,,,,,,,0.0,,1.0,5852.2,,,,,,,,,,,,,,,,,,,,,,,,,,0.0,3.688,,,,,,,,,,,,,,,,,,,,,,""
6020978082,"Sep 26, 2021, 8:03:01 AM",Hackney Half,Run,"",5940,21.93,,,false,,,activities/6020978082.gpx,,,5940.0,5940.0,21930.7,10.4,3.692,66.7,68.1,4.7,24.5,7.7,0.0,,,,,,,,,2053.0,,,,,,,,,,,,,,0.0,,0.0,,1.0,21990.6,,,,,,,,,,,,,,,,,,,,,,,,,,0.0,3.692,,,,,,,,,,,,,,,,,,,,,,""
6010846756,"Sep 24, 2021, 10:45:43 AM",Lunch Run,Run,,1562,5.94,,,false,,,activities/6010846756.gpx,,,1562.0,1562.0,5943.5,5.6,3.805,8.1,8.5,16.0,21.7,5.9,0.0,,,,,,,,,556.0,,,,,,,,,,,,,,,,0.0,,1.0,5951.8,,,,,,,,,,,,,,,,,,,,,,,,,,0.0,3.805,,,,,,,,,,,,,,,,,,,,,,""
5999600948,"Sep 22, 2021, 5:46:31 AM",Morning Run,Run,,2184,8.10,,,false,,,activities/5999600948.gpx,,,2184.0,2151.0,8106.6,6.3,3.769,36.5,36.8,17.3,45.9,9.5,0.0,,,,,,,,,760.0,,,,,,,,,,,,,,,,0.0,,1.0,8140.7,,,,,,,,,,,,,,,,,,,,,,,,,,0.0,3.712,,,,,,,,,,,,,,,,,,,,,,""
5989341022,"Sep 20, 2021, 6:45:25 AM",Morning Run,Run,,3089,10.88,,,false,,,activities/5989341022.gpx,,,3089.0,3012.0,10884.3,6.5,3.614,60.8,60.5,21.7,50.4,11.1,0.0,,,,,,,,,1024.0,,,,,,,,,,,,,,,,0.0,,1.0,10965.7,,,,,,,,,,,,,,,,,,,,,,,,,,0.0,3.524,,,,,,,,,,,,,,,,,,,,,,""
5960152566,"Sep 14, 2021, 5:15:07 PM",Evening Run,Run,,2034,7.64,,,false,,,activities/5960152566.gpx,,,2034.0,2014.0,7643.7,6.0,3.795,27.8,27.7,20.3,33.7,6.9,0.0,,,,,,,,,715.0,,,,,,,,,,,,,,,,0.0,,1.0,7659.2,,,,,,,,,,,,,,,,,,,,,,,,,,0.0,3.758,,,,,,,,,,,,,,,,,,,,,,""
5946494014,"Sep 12, 2021, 8:06:32 AM",Morning Run,Run,,2950,10.82,,,false,,,activities/5946494014.gpx,,,2950.0,2950.0,10828.2,5.6,3.671,14.1,14.8,11.7,21.6,3.4,0.0,,,,,,,,,1012.0,,,,,,,,,,,,,,,,0.0,,1.0,10838.0,,,,,,,,,,,,,,,,,,,,,,,,,,0.0,3.671,,,,,,,,,,,,,,,,,,,,,,""
5919730569,"Sep 7, 2021, 9:34:48 AM",Morning Run,Run,,1576,6.13,,,false,,,activities/5919730569.gpx,,,1576.0,1563.0,6134.5,6.8,3.925,32.3,32.1,18.9,45.9,5.1,0.0,,,,,,,,,576.0,,,,,,,,,,,,,,,,0.0,,1.0,6170.0,,,,,,,,,,,,,,,,,,,,,,,,,,0.0,3.892,,,,,,,,,,,,,,,,,,,,,,""
5908150067,"Sep 5, 2021, 7:55:59 AM",Morning Run,Run,,3990,14.57,,,false,,,activities/5908150067.gpx,,,3990.0,3983.0,14575.5,9.0,3.659,27.4,27.4,6.1,26.2,10.7,0.0,,,,,,,,,1364.0,,,,,,,,,,,,,,,,0.0,,1.0,14607.5,,,,,,,,,,,,,,,,,,,,,,,,,,0.0,3.653,0.0,,,,,,,,,,,,,,,,,,,,,""
5899320268,"Sep 3, 2021, 4:00:22 PM",Afternoon Run,Run,,1313,5.03,,,false,,,activities/5899320268.gpx,,,1313.0,1274.0,5033.4,5.9,3.951,7.0,7.7,16.2,21.5,3.5,0.0,,,,,,,,,471.0,,,,,,,,,,,,,,,,0.0,,1.0,5039.9,,,,,,,,,,,,,,,,,,,,,,,,,,0.0,3.834,,,,,,,,,,,,,,,,,,,,,,""
5886870663,"Sep 1, 2021, 9:15:26 AM",Morning Run,Run,,3134,11.37,,,false,,,activities/5886870663.gpx,,,3134.0,3130.0,11372.8,7.1,3.633,17.8,18.2,8.2,21.7,10.6,0.0,,,,,,,,,1064.0,,,,,,,,,,,,,,,,0.0,,1.0,11399.2,,,,,,,,,,,,,,,,,,,,,,,,,,,3.629,,,,,,,,,,,,,,,,,,,,,,""
5859785226,"Aug 27, 2021, 5:14:25 AM",Morning Run,Run,,3064,10.62,,,false,,,activities/5859785226.gpx,,,3064.0,3061.0,10627.2,7.7,3.472,60.7,60.6,21.7,50.4,11.8,0.0,,,,,,,,,1000.0,,,,,,,,,,,,,,,,0.0,,1.0,10710.7,,,,,,,,,,,,,,,,,,,,,,,,,,,3.468,,,,,,,,,,,,,,,,,,,,,,""
5844302344,"Aug 24, 2021, 10:52:21 AM",Lunch Run,Run,,1286,5.01,,,false,,,activities/5844302344.gpx,,,1286.0,1286.0,5017.9,6.0,3.902,19.7,19.9,21.4,31.9,5.6,0.0,,,,,,,,,470.0,,,,,,,,,,,,,,,,0.0,,1.0,5035.7,,,,,,,,,,,,,,,,,,,,,,,,,,,3.902,,,,,,,,,,,,,,,,,,,,,,""
5839801436,"Aug 23, 2021, 2:04:55 PM",Afternoon Run,Run,,1558,6.01,,,false,,,activities/5839801436.gpx,,,1558.0,1550.0,6009.1,6.7,3.877,10.3,10.9,15.6,21.7,5.7,0.0,,,,,,,,,562.0,,,,,,,,,,,,,,,,0.0,,1.0,6018.2,,,,,,,,,,,,,,,,,,,,,,,,,,,3.857,,,,,,,,,,,,,,,,,,,,,,""
5827426994,"Aug 21, 2021, 8:36:04 AM",Morning Run,Run,,3094,11.09,,,false,,,activities/5827426994.gpx,,,3094.0,3094.0,11098.8,7.8,3.587,14.8,15.0,11.7,21.6,5.0,0.0,,,,,,,,,1037.0,,,,,,,,,,,,,,,,0.0,,1.0,11110.1,,,,,,,,,,,,,,,,,,,,,,,,,,,3.587,,,,,,,,,,,,,,,,,,,,,,""
5816421187,"Aug 19, 2021, 5:41:51 AM",Morning Run,Run,,2222,7.87,,,false,,,activities/5816421187.gpx,,,2222.0,2219.0,7870.5,5.9,3.547,27.7,27.4,20.3,31.9,4.6,0.0,,,,,,,,,737.0,,,,,,,,,,,,,,,,0.0,,1.0,7887.2,,,,,,,,,,,,,,,,,,,,,,,,,,,3.542,,,,,,,,,,,,,,,,,,,,,,""
5806531324,"Aug 17, 2021, 11:04:15 AM",Lunch Run,Run,,1250,5.07,,,false,,,activities/5806531324.gpx,,,1250.0,1247.0,5070.0,6.2,4.066,7.0,7.8,16.2,21.7,3.8,0.0,,,,,,,,,474.0,,,,,,,,,,,,,,,,0.0,,1.0,5076.2,,,,,,,,,,,,,,,,,,,,,,,,,,,4.056,,,,,,,,,,,,,,,,,,,,,,""
5795628075,"Aug 15, 2021, 8:19:09 AM",Morning Run,Run,,6688,22.79,,,false,,,activities/5795628075.gpx,,,6688.0,6680.0,22798.4,11.6,3.413,46.1,45.8,3.6,30.0,12.1,0.0,,,,,,,,,2136.0,,,,,,,,,,,,,,,,0.0,,1.0,22872.8,,,,,,,,,,,,,,,,,,,,,,,,,,,3.409,,,,,,,,,,,,,,,,,,,,,,""
5781425684,"Aug 12, 2021, 3:23:59 PM",Afternoon Run,Run,,2070,7.41,,,false,,,activities/5781425684.gpx,,,2070.0,2049.0,7418.9,5.8,3.621,27.0,27.0,20.3,31.9,5.6,0.0,,,,,,,,,694.0,,,,,,,,,,,,,,,,0.0,,1.0,7435.4,,,,,,,,,,,,,,,,,,,,,,,,,,,3.584,,,,,,,,,,,,,,,,,,,,,,""
5773223733,"Aug 11, 2021, 5:08:14 AM",Morning Run,Run,,2289,8.10,,,false,,,activities/5773223733.gpx,,,2289.0,2278.0,8099.1,5.3,3.555,36.8,37.0,17.3,45.9,9.3,0.0,,,,,,,,,759.0,,,,,,,,,,,,,,,,0.0,,1.0,8129.2,,,,,,,,,,,,,,,,,,,,,,,,,,,3.538,,,,,,,,,,,,,,,,,,,,,,""
5756859238,"Aug 8, 2021, 6:56:44 AM",Morning Run,Run,,4574,15.80,,,false,,,activities/5756859238.gpx,,,4574.0,4562.0,15807.3,7.2,3.465,11.5,11.5,3.8,10.6,22.5,0.0,,,,,,,,,1480.0,,,,,,,,,,,,,,,,0.0,,1.0,15847.3,,,,,,,,,,,,,,,,,,,,,,,,,,,3.456,,,,,,,,,,,,,,,,,,,,,,""
5744621491,"Aug 5, 2021, 6:33:07 PM",Evening Run,Run,,1308,5.00,,,false,,,activities/5744621491.gpx,,,1308.0,1298.0,5000.3,5.6,3.852,20.0,19.9,21.4,31.9,5.9,0.0,,,,,,,,,469.0,,,,,,,,,,,,,,,,0.0,,1.0,5018.0,,,,,,,,,,,,,,,,,,,,,,,,,,,3.823,,,,,,,,,,,,,,,,,,,,,,""
5729991959,"Aug 3, 2021, 5:33:08 AM",Morning Run,Run,,2087,7.53,,,false,,,activities/5729991959.gpx,,,2087.0,2087.0,7536.9,5.4,3.611,27.6,27.3,20.0,33.6,6.6,0.0,,,,,,,,,705.0,,,,,,,,,,,,,,,,0.0,,1.0,7553.8,,,,,,,,,,,,,,,,,,,,,,,,,,,3.611,,,,,,,,,,,,,,,,,,,,,,""
5694334727,"Jul 27, 2021, 10:19:08 AM",Lunch Run,Run,,1272,5.00,,,false,,,activities/5694334727.gpx,,,1272.0,1269.0,5003.2,5.8,3.943,8.1,7.9,16.1,21.9,4.1,0.0,,,,,,,,,468.0,,,,,,,,,,,,,,,,0.0,,1.0,5011.7,,,,,,,,,,,,,,,,,,,,,,,,,,,3.933,,,,,,,,,,,,,,,,,,,,,,""
5683077085,"Jul 25, 2021, 7:41:57 AM",Morning Run,Run,,4020,14.07,,,false,,,activities/5683077085.gpx,,,4020.0,4020.0,14070.0,5.6,3.5,25.0,24.9,6.1,26.2,20.0,0.0,,,,,,,,,1317.0,,,,,,,,,,,,,,,,0.0,,1.0,14108.5,,,,,,,,,,,,,,,,,,,,,,,,,,,3.5,,,,,,,,,,,,,,,,,,,,,,""
5672398236,"Jul 23, 2021, 5:54:24 AM",Morning Run,Run,,1700,6.03,,,false,,,activities/5672398236.gpx,,,1700.0,1677.0,6031.1,6.1,3.596,9.2,9.2,15.0,21.6,8.8,0.0,,,,,,,,,564.0,,,,,,,,,,,,,,,,0.0,,1.0,6042.7,,,,,,,,,,,,,,,,,,,,,,,,,,,3.548,,,,,,,,,,,,,,,,,,,,,,""
5655855532,"Jul 20, 2021, 5:27:02 AM",Morning Run,Run,,2291,8.02,,,false,,,activities/5655855532.gpx,,,2291.0,2268.0,8026.9,7.5,3.539,36.0,36.3,17.2,45.5,8.7,0.0,,,,,,,,,753.0,,,,,,,,,,,,,,,,0.0,,1.0,8060.8,,,,,,,,,,,,,,,,,,,,,,,,,,,3.504,,,,,,,,,,,,,,,,,,,,,,""
5651327688,"Jul 19, 2021, 9:05:33 AM",Morning Run,Run,,1346,5.06,,,false,,,activities/5651327688.gpx,,,1346.0,1343.0,5062.1,7.8,3.769,20.1,19.6,21.4,31.9,4.8,0.0,,,,,,,,,474.0,,,,,,,,,,,,,,,,0.0,,1.0,5080.4,,,,,,,,,,,,,,,,,,,,,,,,,,,3.761,,,,,,,,,,,,,,,,,,,,,,""
5634862399,"Jul 16, 2021, 5:00:35 AM",Morning Run,Run,,3182,11.06,,,false,,,activities/5634862399.gpx,,,3182.0,3173.0,11063.7,6.4,3.487,14.0,14.1,11.6,21.6,3.9,0.0,,,,,,,,,1034.0,,,,,,,,,,,,,,,,0.0,,1.0,11073.7,,,,,,,,,,,,,,,,,,,,,,,,,,,3.477,,,,,,,,,,,,,,,,,,,,,,""
5579634295,"Jul 5, 2021, 3:46:08 PM",Afternoon Run,Run,,3395,11.67,,,false,,,activities/5579634295.gpx,,,3395.0,3319.0,11674.8,6.7,3.518,68.1,67.9,20.0,50.3,7.7,0.0,,,,,,,,,1098.0,,,,,,,,,,,,,,,,0.0,,1.0,11753.5,,,,,,,,,,,,,,,,,,,,,,,,,,,,,,,,,,,,,,,,,,,,,,,,,""
5520270822,"Jun 24, 2021, 6:43:54 AM",Morning Run,Run,,1358,5.13,,,false,,,activities/5520270822.gpx,,,1358.0,1337.0,5137.0,5.8,3.842,19.6,19.9,21.4,33.5,5.3,0.0,,,,,,,,,481.0,,,,,,,,,,,,,,,,0.0,,1.0,5154.1,,,,,,,,,,,,,,,,,,,,,,,,,,,,,,,,,,,,,,,,,,,,,,,,,""
5509991421,"Jun 22, 2021, 9:52:22 AM",Morning Run,Run,,1560,6.00,,,false,,,activities/5509991421.gpx,,,1560.0,1557.0,6003.7,6.5,3.856,8.0,8.5,15.9,21.6,7.6,0.0,,,,,,,,,562.0,,,,,,,,,,,,,,,,0.0,,1.0,6014.4,,,,,,,,,,,,,,,,,,,,,,,,,,,,,,,,,,,,,,,,,,,,,,,,,""
5483501990,"Jun 17, 2021, 5:17:35 AM",Morning Run 🥵,Run,"",2170,7.50,,,false,,,activities/5483501990.gpx,,,2170.0,2170.0,7500.7,5.7,3.457,27.5,27.4,20.0,33.5,6.3,0.0,,,,,,,,,702.0,,,,,,,,,,,,,,0.0,,0.0,,1.0,7516.9,,,,,,,,,,,,,,,,,,,,,,,,,,,,,,,,,,,,,,,,,,,,,,,,,""
5445400524,"Jun 10, 2021, 10:07:36 AM",Lunch Run,Run,,1276,5.00,,,false,,,activities/5445400524.gpx,,,1276.0,1276.0,5008.4,6.5,3.925,17.1,17.4,21.4,31.9,4.4,0.0,,,,,,,,,469.0,,,,,,,,,,,,,,,,0.0,,1.0,5023.5,,,,,,,,,,,,,,,,,,,,,,,,,,,,,,,,,,,,,,,,,,,,,,,,,""
5428367893,"Jun 7, 2021, 10:11:46 AM",Lunch Run,Run,,1654,6.00,,,false,,,activities/5428367893.gpx,,,1654.0,1634.0,6005.6,7.1,3.675,8.2,8.4,15.9,21.6,6.5,0.0,,,,,,,,,562.0,,,,,,,,,,,,,,,,0.0,,1.0,6013.6,,,,,,,,,,,,,,,,,,,,,,,,,,,,,,,,,,,,,,,,,,,,,,,,,""
5404487130,"Jun 3, 2021, 5:06:31 AM",Morning Run,Run,,2285,7.92,,,false,,,activities/5404487130.gpx,,,2285.0,2210.0,7919.1,6.0,3.583,35.8,36.3,17.2,45.5,9.1,0.0,,,,,,,,,742.0,,,,,,,,,,,,,,,,0.0,,1.0,7949.6,,,,,,,,,,,,,,,,,,,,,,,,,,,,,,,,,,,,,,,,,,,,,,,,,""
5393439564,"Jun 1, 2021, 9:59:34 AM",Morning Run,Run,,1320,5.00,,,false,,,activities/5393439564.gpx,,,1320.0,1298.0,5003.4,5.5,3.855,17.1,17.0,21.4,31.9,4.5,0.0,,,,,,,,,469.0,,,,,,,,,,,,,,,,0.0,,1.0,5018.9,,,,,,,,,,,,,,,,,,,,,,,,,,,,,,,,,,,,,,,,,,,,,,,,,""
5359370849,"May 26, 2021, 5:37:45 AM",Morning Run,Run,,2270,7.92,,,false,,,activities/5359370849.gpx,,,2270.0,2258.0,7925.3,7.0,3.51,29.2,29.0,20.0,31.5,8.0,0.0,,,,,,,,,742.0,,,,,,,,,,,,,,,,0.0,,1.0,7942.1,,,,,,,,,,,,,,,,,,,,,,,,,,,,,,,,,,,,,,,,,,,,,,,,,""
5274122336,"May 10, 2021, 4:30:43 PM",Afternoon Run,Run,,2912,10.17,,,false,,,activities/5274122336.gpx,,,2912.0,2884.0,10175.5,5.8,3.528,30.1,30.4,15.2,31.9,6.9,0.0,,,,,,,,,953.0,,,,,,,,,,,,,,,,0.0,,1.0,10201.6,,,,,,,,,,,,,,,,,,,,,,,,,,,,,,,,,,,,,,,,,,,,,,,,,""
5255823841,"May 7, 2021, 10:33:31 AM",Lunch Run,Run,,2248,8.18,,,false,,,activities/5255823841.gpx,,,2248.0,2239.0,8183.2,7.4,3.655,36.0,36.3,17.2,45.5,10.3,0.0,,,,,,,,,767.0,,,,,,,,,,,,,,,,0.0,,1.0,8212.3,,,,,,,,,,,,,,,,,,,,,,,,,,,,,,,,,,,,,,,,,,,,,,,,,""
5241320554,"May 4, 2021, 3:56:15 PM",Afternoon Run,Run,,2147,7.52,,,false,,,activities/5241320554.gpx,,,2147.0,2147.0,7519.9,7.2,3.503,27.7,27.6,20.0,33.5,8.0,0.0,,,,,,,,,704.0,,,,,,,,,,,,,,,,0.0,,1.0,7536.8,,,,,,,,,,,,,,,,,,,,,,,,,,,,,,,,,,,,,,,,,,,,,,,,,""
5170369716,"Apr 22, 2021, 5:40:38 AM",Morning Run,Run,,1718,5.97,,,false,,,activities/5170369716.gpx,,,1718.0,1690.0,5969.3,7.6,3.532,8.1,8.3,15.7,21.7,6.5,0.0,,,,,,,,,558.0,,,,,,,,,,,,,,,,0.0,,1.0,5978.9,,,,,,,,,,,,,,,,,,,,,,,,,,,,,,,,,,,,,,,,,,,,,,,,,""
5095311927,"Apr 9, 2021, 10:31:00 AM",Lunch Run,Run,,1561,5.90,,,false,,,activities/5095311927.gpx,,,1561.0,1557.0,5908.3,6.3,3.795,8.0,8.5,15.9,21.7,5.6,0.0,,,,,,,,,552.0,,,,,,,,,,,,,,,,0.0,,1.0,5916.2,,,,,,,,,,,,,,,,,,,,,,,,,,,,,,,,,,,,,,,,,,,,,,,,,""
5078252462,"Apr 6, 2021, 10:22:19 AM",Lunch Run,Run,,1350,5.19,,,false,,,activities/5078252462.gpx,,,1350.0,1350.0,5191.9,7.3,3.846,19.6,19.4,20.0,33.6,5.3,0.0,,,,,,,,,486.0,,,,,,,,,,,,,,,,0.0,,1.0,5209.2,,,,,,,,,,,,,,,,,,,,,,,,,,,,,,,,,,,,,,,,,,,,,,,,,""
5036176583,"Mar 30, 2021, 10:33:05 AM",Lunch Run,Run,,1313,5.00,,,false,,,activities/5036176583.gpx,,,1313.0,1313.0,5000.4,6.4,3.808,17.0,17.4,21.4,31.9,4.4,0.0,,,,,,,,,468.0,,,,,,,,,,,,,,,,0.0,,1.0,5016.8,,,,,,,,,,,,,,,,,,,,,,,,,,,,,,,,,,,,,,,,,,,,,,,,,""
5007651680,"Mar 25, 2021, 12:20:09 PM",Lunch Run,Run,,2175,7.38,,,false,,,activities/5007651680.gpx,,,2175.0,2062.0,7380.7,5.7,3.579,27.8,27.6,20.0,33.6,7.2,0.0,,,,,,,,,693.0,,,,,,,,,,,,,,,,0.0,,1.0,7416.0,,,,,,,,,,,,,,,,,,,,,,,,,,,,,,,,,,,,,,,,,,,,,,,,,""
4996650248,"Mar 23, 2021, 3:15:54 PM",Afternoon Run,Run,,2596,8.58,,,false,,,activities/4996650248.gpx,,,2596.0,2425.0,8580.8,5.8,3.538,9.7,10.6,13.6,21.7,8.4,0.0,,,,,,,,,802.0,,,,,,,,,,,,,,,,0.0,,1.0,8587.8,,,,,,,,,,,,,,,,,,,,,,,,,,,,,,,,,,,,,,,,,,,,,,,,,""
4970994192,"Mar 19, 2021, 7:06:59 AM",Morning Run,Run,,1639,6.01,,,false,,,activities/4970994192.gpx,,,1639.0,1639.0,6009.1,8.2,3.666,8.3,8.4,15.9,21.6,5.2,0.0,,,,,,,,,562.0,,,,,,,,,,,,,,,,0.0,,1.0,6018.2,,,,,,,,,,,,,,,,,,,,,,,,,,,,,,,,,,,,,,,,,,,,,,,,,""
4933584591,"Mar 12, 2021, 12:03:20 PM",Lunch Run,Run,,2086,7.42,,,false,,,activities/4933584591.gpx,,,2086.0,2007.0,7427.1,8.7,3.701,27.8,27.6,20.0,33.6,7.2,0.0,,,,,,,,,695.0,,,,,,,,,,,,,,,,0.0,,1.0,7443.4,,,,,,,,,,,,,,,,,,,,,,,,,,,,,,,,,,,,,,,,,,,,,,,,,""
4917133911,"Mar 9, 2021, 11:18:06 AM",Lunch Run,Run,,2209,8.00,,,false,,,activities/4917133911.gpx,,,2209.0,2185.0,8004.3,6.5,3.663,36.2,36.5,17.2,45.5,11.8,0.0,,,,,,,,,750.0,,,,,,,,,,,,,,,,0.0,,1.0,8036.2,,,,,,,,,,,,,,,,,,,,,,,,,,,,,,,,,,,,,,,,,,,,,,,,,""
4904069530,"Mar 7, 2021, 7:20:40 AM",Morning Run,Run,,1666,6.00,,,false,,,activities/4904069530.gpx,,,1666.0,1661.0,6006.6,8.2,3.616,8.6,8.6,15.5,21.6,5.1,0.0,,,,,,,,,562.0,,,,,,,,,,,,,,,,0.0,,1.0,6020.7,,,,,,,,,,,,,,,,,,,,,,,,,,,,,,,,,,,,,,,,,,,,,,,,,""
4876063764,"Mar 2, 2021, 10:38:47 AM",Morning Run,Run,,1352,5.00,,,false,,,activities/4876063764.gpx,,,1352.0,1335.0,5005.1,6.1,3.749,17.2,17.5,21.4,31.9,9.4,0.0,,,,,,,,,469.0,,,,,,,,,,,,,,,,0.0,,1.0,5019.7,,,,,,,,,,,,,,,,,,,,,,,,,,,,,,,,,,,,,,,,,,,,,,,,,""
4801057417,"Feb 17, 2021, 11:36:42 AM",Lunch Run,Run,,2073,7.47,,,false,,,activities/4801057417.gpx,,,2073.0,2073.0,7469.5,5.5,3.603,25.3,24.9,20.0,33.5,4.9,0.0,,,,,,,,,699.0,,,,,,,,,,,,,,,,0.0,,1.0,7485.2,,,,,,,,,,,,,,,,,,,,,,,,,,,,,,,,,,,,,,,,,,,,,,,,,""
4790545159,"Feb 15, 2021, 12:08:06 PM",Lunch Run,Run,,1584,6.01,,,false,,,activities/4790545159.gpx,,,1584.0,1584.0,6013.1,5.9,3.796,8.3,8.4,15.9,21.6,5.2,0.0,,,,,,,,,562.0,,,,,,,,,,,,,,,,0.0,,1.0,6021.0,,,,,,,,,,,,,,,,,,,,,,,,,,,,,,,,,,,,,,,,,,,,,,,,,""
4698329886,"Jan 29, 2021, 6:52:59 AM",Morning Run,Run,,3062,11.01,,,false,,,activities/4698329886.gpx,,,3062.0,3058.0,11011.7,6.4,3.601,14.7,14.9,11.6,21.7,7.8,0.0,,,,,,,,,1030.0,,,,,,,,,,,,,,,,0.0,,1.0,11033.8,,,,,,,,,,,,,,,,,,,,,,,,,,,,,,,,,,,,,,,,,,,,,,,,,""
4683352581,"Jan 26, 2021, 11:18:24 AM",Lunch Run,Run,,1243,5.01,,,false,,,activities/4683352581.gpx,,,1243.0,1240.0,5010.1,10.3,4.04,17.3,17.5,21.4,31.9,5.0,0.0,,,,,,,,,469.0,,,,,,,,,,,,,,,,0.0,,1.0,5026.2,,,,,,,,,,,,,,,,,,,,,,,,,,,,,,,,,,,,,,,,,,,,,,,,,""
4671610792,"Jan 24, 2021, 8:06:38 AM",Morning Run,Run,,2929,10.27,,,false,,,activities/4671610792.gpx,,,2929.0,2906.0,10271.8,5.8,3.535,72.4,72.2,21.7,58.2,6.8,0.0,,,,,,,,,966.0,,,,,,,,,,,,,,,,0.0,,1.0,10347.7,,,,,,,,,,,,,,,,,,,,,,,,,,,,,,,,,,,,,,,,,,,,,,,,,""
4661611250,"Jan 22, 2021, 11:44:11 AM",Lunch Run,Run,,2068,7.68,,,false,,,activities/4661611250.gpx,,,2068.0,2052.0,7679.3,6.1,3.742,36.3,36.4,17.2,45.5,8.7,0.0,,,,,,,,,721.0,,,,,,,,,,,,,,,,0.0,,1.0,7716.7,,,,,,,,,,,,,,,,,,,,,,,,,,,,,,,,,,,,,,,,,,,,,,,,,""
4645796402,"Jan 19, 2021, 11:14:25 AM",Lunch Run,Run,,1462,5.64,,,false,,,activities/4645796402.gpx,,,1462.0,1462.0,5647.2,6.2,3.863,8.3,8.5,15.9,21.6,7.0,0.0,,,,,,,,,528.0,,,,,,,,,,,,,,,,0.0,,1.0,5657.5,,,,,,,,,,,,,,,,,,,,,,,,,,,,,,,,,,,,,,,,,,,,,,,,,""
4633551451,"Jan 17, 2021, 8:11:28 AM",Morning Run,Run,,3011,10.92,,,false,,,activities/4633551451.gpx,,,3011.0,3011.0,10922.7,6.9,3.628,14.0,14.2,11.6,21.6,4.2,0.0,,,,,,,,,1021.0,,,,,,,,,,,,,,,,0.0,,1.0,10934.9,,,,,,,,,,,,,,,,,,,,,,,,,,,,,,,,,,,,,,,,,,,,,,,,,""
4623651681,"Jan 15, 2021, 11:39:43 AM",Lunch Run,Run,,1995,7.56,,,false,,,activities/4623651681.gpx,,,1995.0,1979.0,7561.0,6.5,3.821,27.6,27.4,20.0,33.6,6.1,0.0,,,,,,,,,708.0,,,,,,,,,,,,,,,,0.0,,1.0,7577.2,,,,,,,,,,,,,,,,,,,,,,,,,,,,,,,,,,,,,,,,,,,,,,,,,""
4608237316,"Jan 12, 2021, 12:14:53 PM",Lunch Run,Run,,2206,8.10,,,false,,,activities/4608237316.gpx,,,2206.0,2182.0,8107.4,6.2,3.716,36.3,36.3,17.2,45.5,9.0,0.0,,,,,,,,,760.0,,,,,,,,,,,,,,,,0.0,,1.0,8136.2,,,,,,,,,,,,,,,,,,,,,,,,,,,,,,,,,,,,,,,,,,,,,,,,,""
4590330670,"Jan 9, 2021, 8:25:00 AM",Morning Run,Run,,3829,14.76,,,false,,,activities/4590330670.gpx,,,3829.0,3829.0,14768.2,6.8,3.857,27.1,27.2,6.1,26.2,6.7,0.0,,,,,,,,,1382.0,,,,,,,,,,,,,,,,0.0,,1.0,14796.9,,,,,,,,,,,,,,,,,,,,,,,,,,,,,,,,,,,,,,,,,,,,,,,,,""
4581369218,"Jan 7, 2021, 12:12:49 PM",Lunch Run,Run,,1517,6.34,,,false,,,activities/4581369218.gpx,,,1517.0,1505.0,6341.7,7.8,4.214,10.5,10.7,15.9,21.6,8.9,0.0,,,,,,,,,593.0,,,,,,,,,,,,,,,,0.0,,1.0,6352.7,,,,,,,,,,,,,,,,,,,,,,,,,,,,,,,,,,,,,,,,,,,,,,,,,""
4570270283,"Jan 5, 2021, 11:30:49 AM",Lunch Run,Run,,1197,4.97,,,false,,,activities/4570270283.gpx,,,1197.0,1194.0,4972.2,8.6,4.164,17.1,16.9,21.7,31.9,4.7,0.0,,,,,,,,,466.0,,,,,,,,,,,,,,,,0.0,,1.0,4989.2,,,,,,,,,,,,,,,,,,,,,,,,,,,,,,,,,,,,,,,,,,,,,,,,,""
4560177028,"Jan 3, 2021, 12:38:11 PM",Lunch Run,Run,,2708,10.18,,,false,,,activities/4560177028.gpx,,,2708.0,2705.0,10185.4,9.4,3.765,68.9,68.6,21.7,50.3,7.4,0.0,,,,,,,,,958.0,,,,,,,,,,,,,,,,0.0,,1.0,10261.7,,,,,,,,,,,,,,,,,,,,,,,,,,,,,,,,,,,,,,,,,,,,,,,,,""
4542721714,"Dec 31, 2020, 8:29:42 AM",Morning Run,Run,,3490,12.83,,,false,,,activities/4542721714.gpx,,,3490.0,3487.0,12829.6,6.5,3.679,38.2,38.3,15.2,31.9,10.7,0.0,,,,,,,,,1201.0,,,,,,,,,,,,,,,,0.0,,1.0,12859.4,,,,,,,,,,,,,,,,,,,,,,,,,,,,,,,,,,,,,,,,,,,,,,,,,""
4532720996,"Dec 29, 2020, 8:12:12 AM",Morning Run,Run,,2102,7.65,,,false,,,activities/4532720996.gpx,,,2102.0,2102.0,7656.5,7.6,3.642,27.7,27.5,20.0,33.5,8.5,0.0,,,,,,,,,717.0,,,,,,,,,,,,,,,,0.0,,1.0,7674.3,,,,,,,,,,,,,,,,,,,,,,,,,,,,,,,,,,,,,,,,,,,,,,,,,""
4500013807,"Dec 21, 2020, 12:40:00 PM",Lunch Run,Run,"",3768,13.76,,,false,,,,,,3768.0,3768.0,13760.0,,3.652,,,,,,0.0,,,,,,,,,1285.0,,,,,,,,,,,,,,,,0.0,,0.0,,,,,,,,,,,,,,,,,,,,,,,,,,,,,,,,,,,,,,,,,,,,,,,,,,""
4485935960,"Dec 18, 2020, 7:04:39 AM",Morning Run,Run,,2107,7.72,,,false,,,activities/4485935960.gpx,,,2107.0,2091.0,7722.1,7.9,3.693,27.7,27.6,20.0,33.5,8.1,0.0,,,,,,,,,723.0,,,,,,,,,,,,,,,,0.0,,1.0,7738.6,,,,,,,,,,,,,,,,,,,,,,,,,,,,,,,,,,,,,,,,,,,,,,,,,""
4473982084,"Dec 15, 2020, 7:03:11 AM",Morning Run,Run,,3196,11.37,,,false,,,activities/4473982084.gpx,,,3196.0,3196.0,11376.5,7.1,3.56,16.1,16.2,11.6,21.6,4.1,0.0,,,,,,,,,1064.0,,,,,,,,,,,,,,,,0.0,,1.0,11390.0,,,,,,,,,,,,,,,,,,,,,,,,,,,,,,,,,,,,,,,,,,,,,,,,,""
4453993646,"Dec 10, 2020, 12:14:35 PM",Lunch Run,Run,,1593,6.21,,,false,,,activities/4453993646.gpx,,,1593.0,1593.0,6213.6,7.4,3.901,8.0,7.8,15.9,21.6,9.2,0.0,,,,,,,,,582.0,,,,,,,,,,,,,,,,0.0,,1.0,6227.5,,,,,,,,,,,,,,,,,,,,,,,,,,,,,,,,,,,,,,,,,,,,,,,,,""
4416333000,"Dec 1, 2020, 2:54:43 PM",Afternoon Run,Run,,2187,8.59,,,false,,,activities/4416333000.gpx,,,2187.0,2178.0,8589.9,8.3,3.944,22.4,22.7,15.2,24.7,10.0,0.0,,,,,,,,,804.0,,,,,,,,,,,,,,,,0.0,,1.0,8607.6,,,,,,,,,,,,,,,,,,,,,,,,,,,,,,,,,,,,,,,,,,,,,,,,,""
4405498171,"Nov 29, 2020, 8:15:37 AM",Morning Run,Run,,3056,10.09,,,false,,,activities/4405498171.gpx,,,3056.0,2764.0,10097.9,6.4,3.653,55.1,55.1,21.8,50.3,11.2,0.0,,,,,,,,,949.0,,,,,,,,,,,,,,,,0.0,,1.0,10160.3,,,,,,,,,,,,,,,,,,,,,,,,,,,,,,,,,,,,,,,,,,,,,,,,,""
4392717506,"Nov 26, 2020, 12:05:28 PM",Lunch Run,Run,,1463,6.08,,,false,,,activities/4392717506.gpx,,,1463.0,1457.0,6088.3,6.8,4.179,8.3,8.6,15.0,21.5,11.2,0.0,,,,,,,,,570.0,,,,,,,,,,,,,,,,0.0,,1.0,6100.0,,,,,,,,,,,,,,,,,,,,,,,,,,,,,,,,,,,,,,,,,,,,,,,,,""
4379262396,"Nov 23, 2020, 12:06:20 PM",Lunch Run,Run,,2040,7.94,,,false,,,activities/4379262396.gpx,,,2040.0,2018.0,7940.6,6.6,3.935,36.4,36.4,17.2,45.5,8.8,0.0,,,,,,,,,745.0,,,,,,,,,,,,,,,,0.0,,1.0,7974.5,,,,,,,,,,,,,,,,,,,,,,,,,,,,,,,,,,,,,,,,,,,,,,,,,""
4363418479,"Nov 20, 2020, 8:11:55 AM",Morning Run,Run,,2066,7.69,,,false,,,activities/4363418479.gpx,,,2066.0,2050.0,7697.3,8.2,3.755,27.8,27.5,20.0,33.5,8.9,0.0,,,,,,,,,721.0,,,,,,,,,,,,,,,,0.0,,1.0,7716.4,,,,,,,,,,,,,,,,,,,,,,,,,,,,,,,,,,,,,,,,,,,,,,,,,""
4350271765,"Nov 17, 2020, 12:19:15 PM",Lunch Run,Run,,1591,6.51,,,false,,,activities/4350271765.gpx,,,1591.0,1591.0,6516.8,7.5,4.096,10.6,10.9,15.9,21.7,8.6,0.0,,,,,,,,,610.0,,,,,,,,,,,,,,,,0.0,,1.0,6529.6,,,,,,,,,,,,,,,,,,,,,,,,,,,,,,,,,,,,,,,,,,,,,,,,,""
4331441455,"Nov 13, 2020, 1:07:46 PM",Afternoon Run,Run,,1554,6.25,,,false,,,activities/4331441455.gpx,,,1554.0,1553.0,6255.0,7.3,4.028,7.9,8.0,15.9,21.6,5.3,0.0,,,,,,,,,585.0,,,,,,,,,,,,,,,,0.0,,1.0,6265.5,,,,,,,,,,,,,,,,,,,,,,,,,,,,,,,,,,,,,,,,,,,,,,,,,""
4316777524,"Nov 10, 2020, 11:44:33 AM",Lunch Run,Run,,1185,5.02,,,false,,,activities/4316777524.gpx,,,1185.0,1182.0,5027.5,7.1,4.253,17.1,17.0,21.7,31.9,4.8,0.0,,,,,,,,,471.0,,,,,,,,,,,,,,,,0.0,,1.0,5043.7,,,,,,,,,,,,,,,,,,,,,,,,,,,,,,,,,,,,,,,,,,,,,,,,,""
4305773871,"Nov 8, 2020, 7:59:01 AM",Morning Run,Run,,3993,14.91,,,false,,,activities/4305773871.gpx,,,3993.0,3993.0,14911.3,7.1,3.734,26.0,25.9,6.2,26.2,9.5,0.0,,,,,,,,,1397.0,,,,,,,,,,,,,,,,0.0,,1.0,14956.1,,,,,,,,,,,,,,,,,,,,,,,,,,,,,,,,,,,,,,,,,,,,,,,,,""
4296476810,"Nov 6, 2020, 11:54:10 AM",Lunch Run,Run,,1544,5.82,,,false,,,activities/4296476810.gpx,,,1544.0,1524.0,5825.7,6.0,3.823,7.7,7.9,15.9,21.6,5.0,0.0,,,,,,,,,545.0,,,,,,,,,,,,,,,,0.0,,1.0,5836.6,,,,,,,,,,,,,,,,,,,,,,,,,,,,,,,,,,,,,,,,,,,,,,,,,""
4258889688,"Oct 29, 2020, 3:49:51 PM",Afternoon Run,Run,,1200,5.07,,,false,,,activities/4258889688.gpx,,,1200.0,1200.0,5071.5,7.2,4.226,17.0,16.9,21.8,31.9,4.0,0.0,,,,,,,,,475.0,,,,,,,,,,,,,,,,0.0,,1.0,5086.5,,,,,,,,,,,,,,,,,,,,,,,,,,,,,,,,,,,,,,,,,,,,,,,,,""
4250620029,"Oct 27, 2020, 4:16:16 PM",Afternoon Run,Run,,2015,8.12,,,false,,,activities/4250620029.gpx,,,2015.0,2002.0,8127.6,7.7,4.06,27.8,27.5,20.0,33.5,8.2,0.0,,,,,,,,,760.0,,,,,,,,,,,,,,,,0.0,,1.0,8144.1,,,,,,,,,,,,,,,,,,,,,,,,,,,,,,,,,,,,,,,,,,,,,,,,,""
4235317010,"Oct 24, 2020, 6:19:20 AM",Morning Run,Run,,3072,11.44,,,false,,,activities/4235317010.gpx,,,3072.0,3065.0,11442.6,6.5,3.733,14.1,14.1,11.6,21.6,4.1,0.0,,,,,,,,,1070.0,,,,,,,,,,,,,,,,0.0,,1.0,11453.9,,,,,,,,,,,,,,,,,,,,,,,,,,,,,,,,,,,,,,,,,,,,,,,,,""
4228130595,"Oct 22, 2020, 11:22:31 AM",Lunch Run,Run,,1532,6.04,,,false,,,activities/4228130595.gpx,,,1532.0,1513.0,6041.7,8.2,3.993,8.5,7.8,15.7,21.8,6.4,0.0,,,,,,,,,566.0,,,,,,,,,,,,,,,,0.0,,1.0,6059.6,,,,,,,,,,,,,,,,,,,,,,,,,,,,,,,,,,,,,,,,,,,,,,,,,""
4211051879,"Oct 18, 2020, 11:25:47 AM",Lunch Run,Run,,1913,7.69,,,false,,,activities/4211051879.gpx,,,1913.0,1896.0,7691.0,7.8,4.056,33.1,32.6,19.9,45.5,5.0,0.0,,,,,,,,,722.0,,,,,,,,,,,,,,,,0.0,,1.0,7728.1,,,,,,,,,,,,,,,,,,,,,,,,,,,,,,,,,,,,,,,,,,,,,,,,,""
4197733698,"Oct 15, 2020, 11:13:17 AM",Lunch Run,Run,,1602,6.24,,,false,,,activities/4197733698.gpx,,,1602.0,1586.0,6240.3,7.1,3.935,11.2,10.5,15.7,21.8,11.5,0.0,,,,,,,,,584.0,,,,,,,,,,,,,,,,0.0,,1.0,6257.7,,,,,,,,,,,,,,,,,,,,,,,,,,,,,,,,,,,,,,,,,,,,,,,,,""
4189030145,"Oct 13, 2020, 11:16:21 AM",Lunch Run,Run,,1234,5.08,,,false,,,activities/4189030145.gpx,,,1234.0,1212.0,5079.7,7.8,4.191,17.8,17.2,21.0,32.1,4.7,0.0,,,,,,,,,476.0,,,,,,,,,,,,,,,,0.0,,1.0,5100.1,,,,,,,,,,,,,,,,,,,,,,,,,,,,,,,,,,,,,,,,,,,,,,,,,""
4174498474,"Oct 10, 2020, 6:20:14 AM",Morning Run,Run,,3192,10.53,,,false,,,activities/4174498474.gpx,,,3192.0,2931.0,10536.0,6.9,3.595,56.8,56.2,20.9,50.2,19.0,0.0,,,,,,,,,991.0,,,,,,,,,,,,,,,,0.0,,1.0,10613.2,,,,,,,,,,,,,,,,,,,,,,,,,,,,,,,,,,,,,,,,,,,,,,,,,""
4164171975,"Oct 7, 2020, 4:47:00 PM",Afternoon Run,Run,,1699,6.49,,,false,,,activities/4164171975.gpx,,,1699.0,1692.0,6492.0,7.1,3.837,11.7,12.0,15.7,21.8,9.3,0.0,,,,,,,,,608.0,,,,,,,,,,,,,,,,0.0,,1.0,6505.9,,,,,,,,,,,,,,,,,,,,,,,,,,,,,,,,,,,,,,,,,,,,,,,,,""
4135830616,"Oct 1, 2020, 5:50:19 AM",Morning Run,Run,,2789,10.23,,,false,,,activities/4135830616.gpx,,,2789.0,2769.0,10232.0,6.4,3.695,12.3,11.7,11.8,21.8,7.7,0.0,,,,,,,,,957.0,,,,,,,,,,,,,,,,0.0,,1.0,10252.2,,,,,,,,,,,,,,,,,,,,,,,,,,,,,,,,,,,,,,,,,,,,,,,,,""
4127466516,"Sep 29, 2020, 11:05:54 AM",Lunch Run,Run,,1571,6.11,,,false,,,activities/4127466516.gpx,,,1571.0,1564.0,6117.3,6.6,3.911,8.5,8.0,15.7,21.8,8.5,0.0,,,,,,,,,573.0,,,,,,,,,,,,,,,,0.0,,1.0,6135.8,,,,,,,,,,,,,,,,,,,,,,,,,,,,,,,,,,,,,,,,,,,,,,,,,""
4117698414,"Sep 27, 2020, 7:08:50 AM",Morning Run,Run,,4560,15.93,,,false,,,activities/4117698414.gpx,,,4560.0,4468.0,15935.6,7.0,3.567,15.0,15.0,3.6,11.1,17.9,0.0,,,,,,,,,1495.0,,,,,,,,,,,,,,,,0.0,,1.0,16005.1,,,,,,,,,,,,,,,,,,,,,,,,,,,,,,,,,,,,,,,,,,,,,,,,,""
4097864873,"Sep 22, 2020, 5:21:17 PM",Evening Run,Run,,1258,5.20,,,false,,,activities/4097864873.gpx,,,1258.0,1242.0,5202.7,6.9,4.189,11.1,10.7,15.8,21.8,5.2,0.0,,,,,,,,,487.0,,,,,,,,,,,,,,,,0.0,,1.0,5216.3,,,,,,,,,,,,,,,,,,,,,,,,,,,,,,,,,,,,,,,,,,,,,,,,,""
4073939797,"Sep 17, 2020, 4:43:20 PM",Afternoon Run,Run,,2025,7.84,,,false,,,activities/4073939797.gpx,,,2025.0,1999.0,7842.8,9.0,3.923,26.8,26.6,19.9,32.0,6.5,0.0,,,,,,,,,735.0,,,,,,,,,,,,,,,,0.0,,1.0,7875.1,,,,,,,,,,,,,,,,,,,,,,,,,,,,,,,,,,,,,,,,,,,,,,,,,""
4066823000,"Sep 16, 2020, 6:07:05 AM",Morning Run,Run,,1565,6.18,,,false,,,activities/4066823000.gpx,,,1565.0,1562.0,6179.0,6.5,3.956,9.0,9.0,15.7,21.8,14.6,0.0,,,,,,,,,578.0,,,,,,,,,,,,,,,,0.0,,1.0,6193.4,,,,,,,,,,,,,,,,,,,,,,,,,,,,,,,,,,,,,,,,,,,,,,,,,""
4038867092,"Sep 10, 2020, 11:17:24 AM",Lunch Run,Run,,1311,5.28,,,false,,,activities/4038867092.gpx,,,1311.0,1298.0,5284.3,7.6,4.071,17.4,17.4,21.4,32.1,4.9,0.0,,,,,,,,,495.0,,,,,,,,,,,,,,,,0.0,,1.0,5301.4,,,,,,,,,,,,,,,,,,,,,,,,,,,,,,,,,,,,,,,,,,,,,,,,,""
4028351371,"Sep 8, 2020, 6:02:02 AM",Morning Run,Run,,2067,7.51,,,false,,,activities/4028351371.gpx,,,2067.0,2058.0,7518.1,5.0,3.653,28.9,28.8,19.9,34.2,5.6,0.0,,,,,,,,,704.0,,,,,,,,,,,,,,,,0.0,,1.0,7539.8,,,,,,,,,,,,,,,,,,,,,,,,,,,,,,,,,,,,,,,,,,,,,,,,,""
3999475069,"Sep 2, 2020, 6:16:50 AM",Morning Run,Run,,1592,6.12,,,false,,,activities/3999475069.gpx,,,1592.0,1583.0,6126.2,7.6,3.87,8.9,9.2,15.7,21.8,8.8,0.0,,,,,,,,,573.0,,,,,,,,,,,,,,,,0.0,,1.0,6139.4,,,,,,,,,,,,,,,,,,,,,,,,,,,,,,,,,,,,,,,,,,,,,,,,,""
3962965007,"Aug 25, 2020, 10:56:08 AM",Lunch Run,Run,,1251,5.09,,,false,,,activities/3962965007.gpx,,,1251.0,1240.0,5091.4,8.4,4.106,17.6,17.1,21.2,32.1,5.1,0.0,,,,,,,,,477.0,,,,,,,,,,,,,,,,0.0,,1.0,5111.4,,,,,,,,,,,,,,,,,,,,,,,,,,,,,,,,,,,,,,,,,,,,,,,,,""
3921199063,"Aug 16, 2020, 11:35:03 AM",Lunch Run,Run,,3013,11.41,,,false,,,activities/3921199063.gpx,,,3013.0,3002.0,11412.8,7.4,3.802,15.2,14.7,11.5,21.8,6.4,0.0,,,,,,,,,1068.0,,,,,,,,,,,,,,,,0.0,,1.0,11434.1,,,,,,,,,,,,,,,,,,,,,,,,,,,,,,,,,,,,,,,,,,,,,,,,,""
3861487749,"Aug 4, 2020, 5:59:09 AM",Morning Run,Run,,2987,11.11,,,false,,,activities/3861487749.gpx,,,2987.0,2866.0,11110.7,7.5,3.877,49.0,48.3,20.9,45.7,13.9,0.0,,,,,,,,,1043.0,,,,,,,,,,,,,,,,0.0,,1.0,11170.6,1596517248.0,2.0,12.3,12.3,10.2,0.87,1017.1,0.7,1.6,125.0,0.0,1596515456.0,1596570240.0,0.54,,,0.0,,0.39,16093.0,0.0,300.4,,,,,,,,,,,,,,,,,,,,,,,,,,,""
3841797450,"Jul 31, 2020, 5:51:10 AM",Morning Run,Run,,2079,7.97,,,false,,,activities/3841797450.gpx,,,2079.0,2079.0,7978.8,7.1,3.838,29.1,28.7,19.9,34.2,5.5,0.0,,,,,,,,,747.0,,,,,,,,,,,,,,,,0.0,,1.0,8000.5,1596171648.0,1.0,19.5,19.5,12.3,0.63,1013.2,3.2,8.2,116.0,0.0,1596169472.0,1596225024.0,0.4,,,0.0,,0.0,16093.0,0.0,293.3,,,,,,,,,,,,,,,,,,,,,,,,,,,""
3833772126,"Jul 29, 2020, 3:49:15 PM",Afternoon Run,Run,,3048,11.34,,,false,,,activities/3833772126.gpx,,,3048.0,3024.0,11344.4,6.7,3.751,15.5,15.8,11.5,21.8,6.8,0.0,,,,,,,,,1061.0,,,,,,,,,,,,,,,,0.0,,1.0,11363.8,1596034816.0,1.0,23.2,23.2,9.7,0.42,1020.3,3.7,4.6,271.0,0.0,1595996544.0,1596052480.0,0.33,,,0.0,,0.24,16093.0,4.0,303.5,,,,,,,,,,,,,,,,,,,,,,,,,,,""
3807148564,"Jul 24, 2020, 7:25:55 AM",Morning Run,Run,,1345,5.22,,,false,,,activities/3807148564.gpx,,,1345.0,1345.0,5223.0,7.4,3.883,4.6,4.8,3.6,6.6,7.3,0.0,,,,,,,,,489.0,,,,,,,,,,,,,,,,0.0,,1.0,5232.4,1595574016.0,2.0,16.9,16.9,14.4,0.85,1013.1,2.5,4.7,333.0,0.0,1595564160.0,1595620864.0,0.15,,,0.0,,0.54,16093.0,1.0,321.2,,,,,,,,,,,,,,,,,,,,,,,,,,,""
3794860671,"Jul 21, 2020, 11:27:07 AM",Lunch Run,Run,,1177,5.14,,,false,,,activities/3794860671.gpx,,,1177.0,1171.0,5148.0,8.7,4.396,17.6,17.3,21.2,32.1,4.5,0.0,,,,,,,,,482.0,,,,,,,,,,,,,,,,0.0,,1.0,5166.6,1595329152.0,1.0,19.4,19.4,3.5,0.35,1026.6,2.3,2.6,338.0,0.0,1595304576.0,1595361920.0,0.04,,,0.0,,0.01,16093.0,7.0,317.6,,,,,,,,,,,,,,,,,,,,,,,,,,,""
3785249667,"Jul 19, 2020, 11:42:03 AM",Lunch Run,Run,,3021,11.13,,,false,,,activities/3785249667.gpx,,,3021.0,2970.0,11134.9,7.1,3.749,56.8,56.4,20.9,50.2,9.1,0.0,,,,,,,,,1047.0,,,,,,,,,,,,,,,,0.0,,1.0,11209.2,1595156352.0,3.0,17.1,17.1,11.7,0.71,1018.6,3.2,4.0,357.0,0.0,1595131648.0,1595189248.0,0.97,,,0.0,,0.99,16093.0,4.0,330.8,,,,,,,,,,,,,,,,,,,,,,,,,,,""
3770107163,"Jul 16, 2020, 10:23:01 AM",Lunch Run,Run,,2064,7.63,,,false,,,activities/3770107163.gpx,,,2064.0,2044.0,7630.2,6.1,3.733,37.0,37.4,17.2,45.5,11.7,0.0,,,,,,,,,717.0,,,,,,,,,,,,,,,,0.0,,1.0,7673.5,1594893568.0,3.0,18.3,18.3,12.1,0.67,1020.1,3.9,6.5,321.0,0.0,1594872192.0,1594930304.0,0.87,,,0.0,,0.98,16093.0,4.0,313.5,,,,,,,,,,,,,,,,,,,,,,,,,,,""
3760107906,"Jul 14, 2020, 10:31:46 AM",Lunch Run,Run,,1201,5.01,,,false,,,activities/3760107906.gpx,,,1201.0,1198.0,5011.2,6.9,4.183,19.3,19.7,20.9,34.1,4.7,0.0,,,,,,,,,470.0,,,,,,,,,,,,,,,,0.0,,1.0,5030.1,1594720768.0,2.0,19.9,19.9,12.3,0.62,1016.7,3.3,4.4,342.0,0.0,1594699264.0,1594757632.0,0.81,,,0.0,,0.33,16093.0,5.0,342.5,,,,,,,,,,,,,,,,,,,,,,,,,,,""
3750537168,"Jul 12, 2020, 10:40:23 AM",Lunch Run,Run,,3739,13.38,,,false,,,activities/3750537168.gpx,,,3739.0,3699.0,13380.9,7.0,3.617,31.5,32.0,5.8,26.7,21.6,0.0,,,,,,,,,1254.0,,,,,,,,,,,,,,,,0.0,,1.0,13423.7,1594547968.0,2.0,20.3,20.3,5.9,0.39,1029.0,0.6,0.8,161.0,0.0,1594526336.0,1594584960.0,0.75,,,0.0,,0.52,16093.0,4.0,334.0,,,,,,,,,,,,,,,,,,,,,,,,,,,""
3735774253,"Jul 9, 2020, 10:21:31 AM",Lunch Run,Run,,2791,10.65,,,false,,,activities/3735774253.gpx,,,2791.0,2763.0,10655.1,7.6,3.856,12.1,12.2,11.8,21.8,5.9,0.0,,,,,,,,,996.0,,,,,,,,,,,,,,,,0.0,,1.0,10670.8,1594288768.0,3.0,18.5,18.6,15.9,0.85,1012.1,5.0,9.6,253.0,0.0,1594267008.0,1594325888.0,0.65,,,0.0,,0.99,16093.0,3.0,321.4,,,,,,,,,,,,,,,,,,,,,,,,,,,""
3716216849,"Jul 5, 2020, 9:07:49 AM",Morning Run,Run,,4566,17.08,,,false,,,activities/3716216849.gpx,,,4566.0,4543.0,17088.6,9.2,3.762,24.5,24.7,3.8,21.8,23.6,0.0,,,,,,,,,1602.0,,,,,,,,,,,,,,,,0.0,,1.0,17152.3,1593939584.0,2.0,18.7,18.7,11.3,0.62,1010.8,7.7,12.6,259.0,0.0,1593921152.0,1593980416.0,0.52,,,0.0,,0.69,16093.0,4.0,316.3,,,,,,,,,,,,,,,,,,,,,,,,,,,""
3708181430,"Jul 3, 2020, 4:20:02 PM",Afternoon Run,Run,,2099,8.31,,,false,,,activities/3708181430.gpx,,,2099.0,2096.0,8315.2,8.0,3.967,29.9,29.4,19.9,34.2,5.9,0.0,,,,,,,,,779.0,,,,,,,,,,,,,,,,0.0,,1.0,8342.8,1593792000.0,5.0,21.5,21.5,11.9,0.55,1015.0,7.0,11.7,232.0,0.2,1593748224.0,1593807616.0,0.45,,,1.0,5.0,0.89,16093.0,2.0,326.3,,,,,,,,,,,,,,,,,,,,,,,,,,,""
3693986394,"Jun 30, 2020, 5:28:16 PM",Evening Run,Run,,1792,7.02,,,false,,,activities/3693986394.gpx,,,1792.0,1762.0,7024.5,7.0,3.987,8.9,8.9,15.7,22.9,17.3,0.0,,,,,,,,,658.0,,,,,,,,,,,,,,,,0.0,,1.0,7050.8,1593536384.0,3.0,17.8,17.8,14.4,0.8,1005.7,4.2,9.9,223.0,0.0,1593488896.0,1593548544.0,0.34,,,0.0,,0.99,16093.0,1.0,320.0,,,,,,,,,,,,,,,,,,,,,,,,,,,""
3682811896,"Jun 28, 2020, 10:18:48 AM",Lunch Run,Run,,3141,11.39,,,false,,,activities/3682811896.gpx,,,3141.0,3111.0,11392.4,6.5,3.662,65.0,64.6,20.9,50.2,8.0,0.0,,,,,,,,,1072.0,,,,,,,,,,,,,,,,0.0,,1.0,11477.1,1593338368.0,2.0,17.5,17.5,8.5,0.56,1010.4,7.4,11.8,237.0,0.0,1593315968.0,1593375744.0,0.27,,,0.0,,0.33,16093.0,5.0,366.8,,,,,,,,,,,,,,,,,,,,,,,,,,,""
3657111306,"Jun 23, 2020, 6:19:35 AM",Morning Run,Run,,1488,5.97,,,false,,,activities/3657111306.gpx,,,1488.0,1488.0,5969.1,5.8,4.011,8.9,9.3,15.7,21.8,9.6,0.0,,,,,,,,,559.0,,,,,,,,,,,,,,,,0.0,,1.0,5985.4,1592892032.0,1.0,15.1,15.1,11.2,0.78,1024.5,1.9,4.6,182.0,0.0,1592883840.0,1592943872.0,0.09,,,0.0,,0.16,16093.0,1.0,317.4,,,,,,,,,,,,,,,,,,,,,,,,,,,""
3641834036,"Jun 20, 2020, 7:18:06 AM",Morning Run,Run,,6274,22.35,,,false,,,activities/3641834036.gpx,,,6274.0,6190.0,22353.8,10.4,3.611,44.7,44.2,3.4,34.2,21.2,0.0,,,,,,,,,2095.0,,,,,,,,,,,,,,,,0.0,,1.0,22432.3,1592636416.0,2.0,15.5,15.5,12.9,0.84,1019.9,3.3,6.6,209.0,0.0,1592624640.0,1592684544.0,0.99,,,0.0,,0.55,16093.0,1.0,350.8,,,,,,,,,,,,,,,,,,,,,,,,,,,""
3634974023,"Jun 18, 2020, 5:48:45 PM",Evening Run,Run,,2039,8.05,,,false,,,activities/3634974023.gpx,,,2039.0,2022.0,8052.5,8.1,3.982,32.5,32.4,20.3,34.2,5.7,0.0,,,,,,,,,754.0,,,,,,,,,,,,,,,,0.0,,1.0,8074.6,1592499584.0,2.0,19.2,19.2,12.3,0.64,1009.7,4.0,4.9,200.0,0.0,1592451840.0,1592511744.0,0.92,,,0.0,,0.63,16093.0,1.0,363.1,,,,,,,,,,,,,,,,,,,,,,,,,,,""
3627348275,"Jun 17, 2020, 5:57:19 AM",Morning Run,Run,,3108,11.47,,,false,,,activities/3627348275.gpx,,,3108.0,3071.0,11477.2,8.4,3.737,15.5,15.6,11.5,21.8,7.3,0.0,,,,,,,,,1074.0,,,,,,,,,,,,,,,,0.0,,1.0,11497.6,1592370048.0,3.0,13.9,13.9,12.3,0.91,1013.3,0.8,2.2,112.0,0.0,1592365440.0,1592425344.0,0.89,,,0.0,,0.89,16093.0,0.0,357.5,,,,,,,,,,,,,,,,,,,,,,,,,,,""
3622076778,"Jun 16, 2020, 6:35:33 AM",Morning Run,Run,,2093,7.55,,,false,,,activities/3622076778.gpx,,,2093.0,2079.0,7555.4,6.5,3.634,37.1,37.4,17.2,45.5,13.4,0.0,,,,,,,,,710.0,,,,,,,,,,,,,,,,0.0,,1.0,7601.8,1592287232.0,1.0,14.5,14.5,12.9,0.9,1015.3,1.4,3.1,183.0,0.0,1592279040.0,1592338944.0,0.86,,,0.0,,0.27,16093.0,1.0,350.1,,,,,,,,,,,,,,,,,,,,,,,,,,,""
3611726594,"Jun 14, 2020, 7:56:57 AM",Morning Run,Run,"",3793,13.03,,,false,,,activities/3611726594.gpx,,,3793.0,3581.0,13031.6,6.9,3.639,32.6,32.8,5.8,27.8,9.2,0.0,,,,,,,,,1220.0,,,,,,,,,,,,,,0.0,,0.0,,1.0,13068.8,1592118016.0,1.0,16.4,16.4,13.6,0.84,1013.9,2.4,3.7,167.0,0.0,1592106240.0,1592166016.0,0.8,,,0.0,,0.02,16093.0,1.0,356.5,,,,,,,,,,,,,,,,,,,,,,,,,,,""
3602118649,"Jun 12, 2020, 10:45:34 AM",Lunch Run,Run,"",2010,7.97,,,false,,,activities/3602118649.gpx,,,2010.0,2004.0,7974.1,7.1,3.979,40.2,39.9,20.2,45.5,8.9,0.0,,,,,,,,,749.0,,,,,,,,,,,,,,0.0,,0.0,,1.0,8024.9,,,,,,,,,,,,,,,,,,,,,,,,,,,,,,,,,,,,,,,,,,,,,,,,,""
3586841138,"Jun 9, 2020, 9:54:49 AM",Morning Run,Run,"",1596,6.44,,,false,,,activities/3586841138.gpx,,,1596.0,1593.0,6448.3,7.5,4.048,9.4,9.4,15.7,21.8,7.3,0.0,,,,,,,,,604.0,,,,,,,,,,,,,,0.0,,0.0,,1.0,6463.2,,,,,,,,,,,,,,,,,,,,,,,,,,,,,,,,,,,,,,,,,,,,,,,,,""
3570734008,"Jun 6, 2020, 8:04:36 AM",Morning Run,Run,,2012,7.87,,,false,,,activities/3570734008.gpx,,,2012.0,2009.0,7877.1,7.4,3.921,36.9,37.4,17.2,45.5,11.0,0.0,,,,,,,,,739.0,,,,,,,,,,,,,,,,0.0,,1.0,7914.3,,,,,,,,,,,,,,,,,,,,,,,,,,,,,,,,,,,,,,,,,,,,,,,,,""
3562310338,"Jun 4, 2020, 10:49:46 AM",Lunch Run,Run,"",2396,9.19,,,false,,,activities/3562310338.gpx,,,2396.0,2349.0,9193.5,7.9,3.914,9.0,8.9,12.2,21.3,3.6,0.0,,,,,,,,,860.0,,,,,,,,,,,,,,0.0,,0.0,,1.0,9204.6,,,,,,,,,,,,,,,,,,,,,,,,,,,,,,,,,,,,,,,,,,,,,,,,,""
3552098019,"Jun 2, 2020, 11:43:00 AM",Lunch Run,Run,,1293,5.00,,,false,,,activities/3552098019.gpx,,,1293.0,1292.0,5004.6,6.3,3.874,21.0,21.4,21.0,33.2,5.2,0.0,,,,,,,,,469.0,,,,,,,,,,,,,,,,0.0,,1.0,5017.6,,,,,,,,,,,,,,,,,,,,,,,,,,,,,,,,,,,,,,,,,,,,,,,,,""
3540694052,"May 31, 2020, 10:00:57 AM",Lunch Run,Run,"",2639,8.06,,,false,,,activities/3540694052.gpx,,,2639.0,2235.0,8062.5,5.5,3.607,9.0,12.2,11.4,21.4,19.8,0.0,,,,,,,,,754.0,,,,,,,,,,,,,,0.0,,0.0,,1.0,8071.3,,,,,,,,,,,,,,,,,,,,,,,,,,,,,,,,,,,,,,,,,,,,,,,,,""
3524796060,"May 28, 2020, 10:35:19 AM",Lunch Run,Run,,2293,8.61,,,false,,,activities/3524796060.gpx,,,2293.0,2241.0,8609.0,7.7,3.842,63.2,63.3,21.4,50.1,9.6,0.0,,,,,,,,,812.0,,,,,,,,,,,,,,,,0.0,,1.0,8691.1,,,,,,,,,,,,,,,,,,,,,,,,,,,,,,,,,,,,,,,,,,,,,,,,,""
3513714088,"May 26, 2020, 10:47:02 AM",Lunch Run,Run,"",1612,6.38,,,false,,,activities/3513714088.gpx,,,1612.0,1609.0,6380.0,6.5,3.965,9.5,9.7,15.1,21.8,17.4,0.0,,,,,,,,,598.0,,,,,,,,,,,,,,0.0,,0.0,,1.0,6402.1,,,,,,,,,,,,,,,,,,,,,,,,,,,,,,,,,,,,,,,,,,,,,,,,,""
3497001283,"May 23, 2020, 7:15:23 AM",Morning Run,Run,,6122,22.39,,,false,,,activities/3497001283.gpx,,,6122.0,6115.0,22392.7,10.5,3.662,53.6,53.0,3.8,30.0,23.1,0.0,,,,,,,,,2101.0,,,,,,,,,,,,,,,,0.0,,1.0,22495.6,,,,,,,,,,,,,,,,,,,,,,,,,,,,,,,,,,,,,,,,,,,,,,,,,""
3487206392,"May 21, 2020, 10:36:44 AM",Lunch Run,Run,,1175,5.01,,,false,,,activities/3487206392.gpx,76.0,,1175.0,1167.0,5014.1,8.3,4.297,20.3,20.0,21.2,32.1,4.6,0.0,,,,,,,,,470.0,,,,,,,,,,,,,,,,0.0,,1.0,5032.8,,,,,,,,,,,,,,,,,,,,,,,,,,,,,,,,,,,,,,,,,,,,,,,,,""
3476176596,"May 19, 2020, 11:10:10 AM",Lunch Run,Run,"",2056,7.94,,,false,,,activities/3476176596.gpx,76.0,,2056.0,2041.0,7942.1,11.4,3.891,38.0,38.0,17.2,44.2,23.9,0.0,,,,,,,,,748.0,,,,,,,,,,,,,,0.0,,0.0,,1.0,8007.5,,,,,,,,,,,,,,,,,,,,,,,,,,,,,,,,,,,,,,,,,,,,,,,,,""
3448918189,"May 14, 2020, 10:31:08 AM",Lunch Run,Run,"",1160,5.00,,,false,,,activities/3448918189.gpx,76.0,,1160.0,1157.0,5008.6,8.4,4.329,6.7,8.5,15.8,21.8,7.9,0.0,,,,,,,,,469.0,,,,,,,,,,,,,,0.0,,0.0,,1.0,5017.5,,,,,,,,,,,,,,,,,,,,,,,,,,,,,,,,,,,,,,,,,,,,,,,,,""
3438451860,"May 12, 2020, 10:13:03 AM",Lunch Run,Run,"",2045,7.82,,,false,,,activities/3438451860.gpx,76.0,,2045.0,2012.0,7826.1,6.8,3.89,37.2,37.0,16.9,45.6,15.7,0.0,,,,,,,,,736.0,,,,,,,,,,,,,,0.0,,0.0,,1.0,7881.2,,,,,,,,,,,,,,,,,,,,,,,,,,,,,,,,,,,,,,,,,,,,,,,,,""
3418452365,"May 8, 2020, 12:04:09 PM",Afternoon Run,Run,,3018,11.35,,,false,,,activities/3418452365.gpx,76.0,,3018.0,3018.0,11354.0,6.3,3.762,11.8,11.9,11.4,21.4,3.5,0.0,,,,,,,,,1061.0,,,,,,,,,,,,,,,,0.0,,1.0,11365.4,,,,,,,,,,,,,,,,,,,,,,,,,,,,,,,,,,,,,,,,,,,,,,,,,""
3400894075,"May 5, 2020, 10:06:34 AM",Lunch Run,Run,"",1228,5.00,,,false,,,activities/3400894075.gpx,76.0,,1228.0,1226.0,5004.5,7.0,4.082,16.2,16.1,20.9,31.6,4.7,0.0,,,,,,,,,469.0,,,,,,,,,,,,,,0.0,,0.0,,1.0,5020.0,,,,,,,,,,,,,,,,,,,,,,,,,,,,,,,,,,,,,,,,,,,,,,,,,""
3391805337,"May 3, 2020, 2:07:25 PM",Afternoon Run,Run,"",3779,14.38,,,false,,,activities/3391805337.gpx,76.0,,3779.0,3775.0,14379.3,9.4,3.809,29.6,29.8,6.0,27.3,7.9,0.0,,,,,,,,,1345.0,,,,,,,,,,,,,,0.0,,0.0,,1.0,14403.9,,,,,,,,,,,,,,,,,,,,,,,,,,,,,,,,,,,,,,,,,,,,,,,,,""
3374496086,"Apr 30, 2020, 10:01:24 AM",Lunch Run,Run,,2183,7.82,,,false,,,activities/3374496086.gpx,76.0,,2183.0,2143.0,7820.7,5.9,3.649,62.9,62.9,21.5,50.0,8.8,0.0,,,,,,,,,738.0,,,,,,,,,,,,,,,,0.0,,1.0,7900.8,,,,,,,,,,,,,,,,,,,,,,,,,,,,,,,,,,,,,,,,,,,,,,,,,""
3355019373,"Apr 26, 2020, 8:51:56 AM",Morning Run,Run,,4869,17.69,,,false,,,activities/3355019373.gpx,76.0,,4869.0,4857.0,17689.7,8.2,3.642,31.1,31.1,3.7,21.3,15.3,0.0,,,,,,,,,1659.0,,,,,,,,,,,,,,,,0.0,,1.0,17767.2,,,,,,,,,,,,,,,,,,,,,,,,,,,,,,,,,,,,,,,,,,,,,,,,,""
3346556679,"Apr 24, 2020, 4:19:09 PM",Afternoon Run,Run,,1185,5.01,,,false,,,activities/3346556679.gpx,76.0,,1185.0,1185.0,5014.4,7.3,4.232,16.4,17.0,20.8,31.6,4.8,0.0,,,,,,,,,470.0,,,,,,,,,,,,,,,,0.0,,1.0,5028.0,,,,,,,,,,,,,,,,,,,,,,,,,,,,,,,,,,,,,,,,,,,,,,,,,""
3330924520,"Apr 21, 2020, 1:40:59 PM",Afternoon Run,Run,,2534,9.59,,,false,,,activities/3330924520.gpx,76.0,,2534.0,2534.0,9592.8,6.8,3.786,9.0,9.0,12.2,21.3,5.9,0.0,,,,,,,,,898.0,,,,,,,,,,,,,,,,0.0,,1.0,9613.9,,,,,,,,,,,,,,,,,,,,,,,,,,,,,,,,,,,,,,,,,,,,,,,,,""
3306335402,"Apr 16, 2020, 10:14:15 AM",Lunch Run,Run,,2535,9.63,,,false,,,activities/3306335402.gpx,76.0,,2535.0,2535.0,9636.5,6.8,3.801,9.0,9.1,12.2,21.4,10.4,0.0,,,,,,,,,902.0,,,,,,,,,,,,,,,,0.0,,1.0,9663.8,,,,,,,,,,,,,,,,,,,,,,,,,,,,,,,,,,,,,,,,,,,,,,,,,""
3297065519,"Apr 14, 2020, 11:02:51 AM",Lunch Run,Run,"",1171,5.00,,,false,,,activities/3297065519.gpx,76.0,,1171.0,1165.0,5007.4,7.7,4.298,16.2,16.0,21.5,31.6,6.1,0.0,,,,,,,,,466.0,,,,,,,,,,,,,,0.0,,0.0,,1.0,4986.3,,,,,,,,,,,,,,,,,,,,,,,,,,,,,,,,,,,,,,,,,,,,,,,,,""
3287625175,"Apr 12, 2020, 7:32:45 AM",Morning Run,Run,,2396,8.63,,,false,,,activities/3287625175.gpx,76.0,,2396.0,2396.0,8630.4,5.9,3.602,59.8,59.6,21.4,50.0,9.2,0.0,,,,,,,,,813.0,,,,,,,,,,,,,,,,0.0,,1.0,8710.3,,,,,,,,,,,,,,,,,,,,,,,,,,,,,,,,,,,,,,,,,,,,,,,,,""
3257683582,"Apr 5, 2020, 9:35:33 AM",Morning Run,Run,,6397,22.13,,,false,,,activities/3257683582.gpx,76.0,,6397.0,6394.0,22136.0,7.2,3.462,71.3,71.0,3.3,27.5,39.3,0.0,,,,,,,,,2098.0,,,,,,,,,,,,,,,,0.0,,1.0,22467.6,,,,,,,,,,,,,,,,,,,,,,,,,,,,,,,,,,,,,,,,,,,,,,,,,""
3245563042,"Apr 2, 2020, 11:08:28 AM",Lunch Run,Run,"",1366,5.54,,,false,,,activities/3245563042.gpx,76.0,,1366.0,1366.0,5542.0,9.9,4.057,23.3,23.2,21.3,31.9,7.5,0.0,,,,,,,,,520.0,,,,,,,,,,,,,,0.0,,0.0,,1.0,5564.1,,,,,,,,,,,,,,,,,,,,,,,,,,,,,,,,,,,,,,,,,,,,,,,,,""
3237794757,"Mar 31, 2020, 10:57:55 AM",Lunch Run,Run,"",2329,9.00,,,false,,,activities/3237794757.gpx,76.0,,2329.0,2319.0,9001.0,6.9,3.881,10.6,10.6,12.7,21.3,9.3,0.0,,,,,,,,,843.0,,,,,,,,,,,,,,0.0,,0.0,,1.0,9029.5,,,,,,,,,,,,,,,,,,,,,,,,,,,,,,,,,,,,,,,,,,,,,,,,,""
3223438758,"Mar 27, 2020, 12:39:27 PM",Lunch Run,Run,"",2364,8.96,,,false,,,activities/3223438758.gpx,76.0,,2364.0,2356.0,8960.3,7.4,3.803,9.3,9.3,14.0,21.3,7.7,0.0,,,,,,,,,839.0,,,,,,,,,,,,,,0.0,,0.0,,1.0,8988.3,,,,,,,,,,,,,,,,,,,,,,,,,,,,,,,,,,,,,,,,,,,,,,,,,""
3212700092,"Mar 24, 2020, 12:30:47 PM",Lunch Run,Run,,437,1.82,,,false,,,activities/3212700092.gpx,76.0,,437.0,437.0,1825.0,5.9,4.176,3.2,10.6,21.4,29.4,4.4,-0.4,,,,,,,,,170.0,,,,,,,,,,,,,,,,0.0,,1.0,1815.3,,,,,,,,,,,,,,,,,,,,,,,,,,,,,,,,,,,,,,,,,,,,,,,,,""
3212678381,"Mar 24, 2020, 12:15:33 PM",Lunch Run,Run,,865,3.29,,,false,,,activities/3212678381.gpx,76.0,,865.0,865.0,3291.3,7.8,3.805,21.2,13.5,20.8,31.9,14.6,0.2,,,,,,,,,312.0,,,,,,,,,,,,,,,,0.0,,1.0,3345.7,,,,,,,,,,,,,,,,,,,,,,,,,,,,,,,,,,,,,,,,,,,,,,,,,""
3200509713,"Mar 20, 2020, 2:11:43 PM",Afternoon Run,Run,"",5672,19.58,,,false,,,activities/3200509713.gpx,76.0,,5672.0,5620.0,19582.2,7.5,3.484,69.0,69.1,5.0,33.7,26.7,0.0,,,,,,,,,1841.0,,,,,,,,,,,,,,0.0,,0.0,,1.0,19720.1,,,,,,,,,,,,,,,,,,,,,,,,,,,,,,,,,,,,,,,,,,,,,,,,,""
3194092643,"Mar 18, 2020, 12:49:23 PM",Lunch Run,Run,,2845,5.41,,,false,,,activities/3194092643.gpx,76.0,,2845.0,1486.0,5413.5,6.8,3.643,26.5,26.4,20.8,31.8,15.1,0.0,,,,,,,,,510.0,,,,,,,,,,,,,,,,0.0,,1.0,5466.1,,,,,,,,,,,,,,,,,,,,,,,,,,,,,,,,,,,,,,,,,,,,,,,,,""
3188172179,"Mar 16, 2020, 11:30:11 AM",Lunch Run,Run,,2528,9.30,,,false,,,activities/3188172179.gpx,76.0,,2528.0,2507.0,9300.9,6.6,3.71,19.8,20.2,11.2,21.3,15.0,0.0,,,,,,,,,873.0,,,,,,,,,,,,,,,,0.0,,1.0,9344.4,,,,,,,,,,,,,,,,,,,,,,,,,,,,,,,,,,,,,,,,,,,,,,,,,""
3176819838,"Mar 12, 2020, 11:50:03 AM",Lunch Run,Run,"",1842,7.03,,,false,,,activities/3176819838.gpx,76.0,,1842.0,1832.0,7034.7,7.0,3.84,16.6,16.6,14.8,24.6,9.0,0.0,,,,,,,,,660.0,,,,,,,,,,,,,,0.0,,0.0,,1.0,7063.2,,,,,,,,,,,,,,,,,,,,,,,,,,,,,,,,,,,,,,,,,,,,,,,,,""
3170922748,"Mar 10, 2020, 11:46:47 AM",Lunch Run,Run,"",1732,6.67,,,false,,,activities/3170922748.gpx,76.0,,1732.0,1722.0,6669.9,7.2,3.873,16.3,16.2,14.8,24.6,13.8,0.0,,,,,,,,,625.0,,,,,,,,,,,,,,0.0,,0.0,,1.0,6695.1,,,,,,,,,,,,,,,,,,,,,,,,,,,,,,,,,,,,,,,,,,,,,,,,,""
3156882382,"Mar 5, 2020, 5:31:15 PM",Afternoon Run,Run,"",1452,5.06,,,false,,,activities/3156882382.gpx,76.0,,1452.0,1430.0,5068.0,5.8,3.544,24.9,24.5,20.8,32.0,11.9,0.0,,,,,,,,,478.0,,,,,,,,,,,,,,0.0,,0.0,,1.0,5114.8,,,,,,,,,,,,,,,,,,,,,,,,,,,,,,,,,,,,,,,,,,,,,,,,,""
3153201145,"Mar 4, 2020, 11:50:17 AM",Lunch Run,Run,,1798,6.79,,,false,,,activities/3153201145.gpx,76.0,,1798.0,1798.0,6791.6,7.0,3.777,16.4,16.3,14.8,24.6,15.7,0.0,,,,,,,,,637.0,,,,,,,,,,,,,,,,0.0,,1.0,6820.7,,,,,,,,,,,,,,,,,,,,,,,,,,,,,,,,,,,,,,,,,,,,,,,,,""
3144423177,"Mar 1, 2020, 10:41:11 AM",Morning Run,Run,"",2840,10.30,,,false,,,activities/3144423177.gpx,76.0,,2840.0,2823.0,10308.4,12.2,3.652,11.4,11.2,2.3,7.4,16.5,0.0,,,,,,,,,967.0,,,,,,,,,6.0,,,,,0.0,74.0,0.0,,1.0,10359.9,,,,,,,,,,,,,,,,,,,,,,,,,,,,,,,,,,,,,,,,,,,,,,,,,""
3129934136,"Feb 25, 2020, 6:52:55 AM",Morning Run,Run,,1423,5.24,,,false,,,activities/3129934136.gpx,76.0,,1423.0,1423.0,5242.9,7.7,3.684,25.6,25.2,20.8,32.0,16.1,0.0,,,,,,,,,494.0,,,,,,,,,,,,,,,,0.0,,1.0,5289.0,,,,,,,,,,,,,,,,,,,,,,,,,,,,,,,,,,,,,,,,,,,,,,,,,""
3122218521,"Feb 22, 2020, 2:02:18 PM",Afternoon Run,Run,"",4314,14.94,,,false,,,activities/3122218521.gpx,76.0,,4314.0,4294.0,14940.3,7.7,3.479,37.7,37.3,5.0,29.6,14.5,0.0,,,,,,,,,1401.0,,,,,,,,,,,,,,0.0,,0.0,,1.0,15003.3,,,,,,,,,,,,,,,,,,,,,,,,,,,,,,,,,,,,,,,,,,,,,,,,,""
3110272539,"Feb 18, 2020, 11:34:10 AM",Lunch Run,Run,,1788,6.79,,,false,,,activities/3110272539.gpx,76.0,,1788.0,1759.0,6790.7,10.2,3.861,16.6,16.6,14.8,24.6,18.3,0.0,,,,,,,,,637.0,,,,,,,,,,,,,,,,0.0,,1.0,6818.4,,,,,,,,,,,,,,,,,,,,,,,,,,,,,,,,,,,,,,,,,,,,,,,,,""
3100931740,"Feb 15, 2020, 9:29:01 AM",Morning Run,Run,,1405,5.27,,,false,,,activities/3100931740.gpx,76.0,,1405.0,1405.0,5278.7,6.0,3.757,25.4,25.2,20.8,32.0,18.2,0.0,,,,,,,,,497.0,,,,,,,,,,,,,,,,0.0,,1.0,5322.2,,,,,,,,,,,,,,,,,,,,,,,,,,,,,,,,,,,,,,,,,,,,,,,,,""
3093239716,"Feb 12, 2020, 11:49:39 AM",Lunch Run,Run,,1770,6.84,,,false,,,activities/3093239716.gpx,76.0,,1770.0,1770.0,6844.1,6.8,3.867,17.6,17.5,14.8,24.6,14.4,0.0,,,,,,,,,642.0,,,,,,,,,,,,,,,,0.0,,1.0,6873.8,,,,,,,,,,,,,,,,,,,,,,,,,,,,,,,,,,,,,,,,,,,,,,,,,""
3082822956,"Feb 8, 2020, 2:50:16 PM",Afternoon Run,Run,,3720,11.96,,,false,,,activities/3082822956.gpx,76.0,,3720.0,3577.0,11966.4,6.2,3.345,91.8,91.9,20.8,50.3,28.0,0.0,,,,,,,,,1132.0,,,,,,,,,,,,,,,,0.0,,1.0,12121.3,,,,,,,,,,,,,,,,,,,,,,,,,,,,,,,,,,,,,,,,,,,,,,,,,""
3079629644,"Feb 7, 2020, 2:49:20 PM",Afternoon Run,Run,,1796,6.23,,,false,,,activities/3079629644.gpx,76.0,,1796.0,1767.0,6235.7,6.3,3.529,16.3,16.2,14.8,24.6,13.4,0.0,,,,,,,,,585.0,,,,,,,,,,,,,,,,0.0,,1.0,6263.0,,,,,,,,,,,,,,,,,,,,,,,,,,,,,,,,,,,,,,,,,,,,,,,,,""
3067806660,"Feb 3, 2020, 11:11:24 AM",Lunch Run,Run,,1945,7.41,,,false,,,activities/3067806660.gpx,76.0,,1945.0,1916.0,7416.7,7.5,3.871,21.9,,14.8,24.6,13.5,0.0,,,,,,,,,697.0,,,,,,,,,,,,,,,,0.0,,1.0,7466.5,,,,,,,,,,,,,,,,,,,,,,,,,,,,,,,,,,,,,,,,,,,,,,,,,""
3036125607,"Jan 23, 2020, 12:04:22 PM",Lunch Run,Run,,1921,7.11,,,false,,,activities/3036125607.gpx,76.0,,1921.0,1893.0,7111.0,7.0,3.756,20.8,,14.8,24.6,14.9,0.0,,,,,,,,,668.0,,,,,,,,,,,,,,,,0.0,,1.0,7154.5,,,,,,,,,,,,,,,,,,,,,,,,,,,,,,,,,,,,,,,,,,,,,,,,,""
3030563363,"Jan 21, 2020, 12:59:20 PM",Lunch Run,Run,,1676,6.42,,,false,,,activities/3030563363.gpx,76.0,,1676.0,1670.0,6421.4,7.5,3.845,20.5,,14.8,24.6,13.8,0.0,,,,,,,,,603.0,,,,,,,,,,,,,,,,0.0,,1.0,6453.0,,,,,,,,,,,,,,,,,,,,,,,,,,,,,,,,,,,,,,,,,,,,,,,,,""
3010184448,"Jan 14, 2020, 11:48:18 AM",Lunch Run,Run,,1541,5.89,,,false,,,activities/3010184448.gpx,76.0,,1541.0,1523.0,5897.2,7.2,3.872,21.3,,14.8,24.6,14.9,0.0,,,,,,,,,553.0,,,,,,,,,,,,,,,,0.0,,1.0,5927.1,,,,,,,,,,,,,,,,,,,,,,,,,,,,,,,,,,,,,,,,,,,,,,,,,""
2989802657,"Jan 7, 2020, 12:10:00 PM",Lunch Run,Run,,1671,6.10,,,false,,,activities/2989802657.gpx,76.0,,1671.0,1663.0,6099.2,8.9,3.668,17.0,,14.8,23.4,15.0,0.0,,,,,,,,,573.0,,,,,,,,,,,,,,,,0.0,,1.0,6133.2,,,,,,,,,,,,,,,,,,,,,,,,,,,,,,,,,,,,,,,,,,,,,,,,,""
2987006446,"Jan 6, 2020, 12:07:36 PM",Lunch Run,Run,,1686,6.19,,,false,,,activities/2987006446.gpx,76.0,,1686.0,1669.0,6195.6,7.6,3.712,16.6,,14.8,22.2,9.6,0.0,,,,,,,,,581.0,,,,,,,,,,,,,,,,0.0,,1.0,6221.7,,,,,,,,,,,,,,,,,,,,,,,,,,,,,,,,,,,,,,,,,,,,,,,,,""
2980536560,"Jan 4, 2020, 10:43:21 AM",Morning Run,Run,,1455,5.31,,,false,,,activities/2980536560.gpx,76.0,,1455.0,1455.0,5318.1,6.8,3.655,25.5,,20.9,32.0,17.1,0.0,,,,,,,,,501.0,,,,,,,,,,,,,,,,0.0,,1.0,5360.5,,,,,,,,,,,,,,,,,,,,,,,,,,,,,,,,,,,,,,,,,,,,,,,,,""
2967005835,"Dec 30, 2019, 7:16:14 AM",Morning Run,Run,,1529,5.43,,,false,,,activities/2967005835.gpx,76.0,,1529.0,1529.0,5435.6,5.8,3.555,25.7,,20.8,32.0,15.1,0.0,,,,,,,,,511.0,,,,,,,,,,,,,,,,0.0,,1.0,5476.5,,,,,,,,,,,,,,,,,,,,,,,,,,,,,,,,,,,,,,,,,,,,,,,,,""
2932134206,"Dec 14, 2019, 1:18:52 PM",Afternoon Run,Run,,1484,5.28,,,false,,,activities/2932134206.gpx,76.0,,1484.0,1484.0,5288.0,6.8,3.563,25.6,,20.8,32.0,15.5,0.0,,,,,,,,,498.0,,,,,,,,,,,,,,,,0.0,,1.0,5334.3,,,,,,,,,,,,,,,,,,,,,,,,,,,,,,,,,,,,,,,,,,,,,,,,,""
2928139311,"Dec 12, 2019, 12:37:41 PM",Lunch Run,Run,,1537,5.90,,,false,,,activities/2928139311.gpx,76.0,,1537.0,1529.0,5901.6,8.2,3.86,14.1,,14.8,22.2,8.1,0.0,,,,,,,,,553.0,,,,,,,,,,,,,,,,0.0,,1.0,5926.2,,,,,,,,,,,,,,,,,,,,,,,,,,,,,,,,,,,,,,,,,,,,,,,,,""
2917293497,"Dec 7, 2019, 2:25:17 PM",Afternoon Run,Run,,1429,5.44,,,false,,,activities/2917293497.gpx,76.0,,1429.0,1429.0,5446.2,7.8,3.811,25.4,,20.8,32.0,14.1,0.0,,,,,,,,,513.0,,,,,,,,,,,,,,,,0.0,,,,,,,,,,,,,,,,,,,,,,,,,,,,,,,,,,,,,,,,,,,,,,,,,,,,""
2898774874,"Nov 29, 2019, 6:51:00 AM",Morning Run,Run,,1526,5.32,,,false,,,activities/2898774874.gpx,76.0,,1526.0,1516.0,5326.4,6.1,3.513,25.7,,20.8,32.0,12.1,0.0,,,,,,,,,502.0,,,,,,,,,,,,,,,,0.0,,,,,,,,,,,,,,,,,,,,,,,,,,,,,,,,,,,,,,,,,,,,,,,,,,,,""
2875471426,"Nov 19, 2019, 6:56:39 AM",Morning Run,Run,,1535,5.30,,,false,,,activities/2875471426.gpx,76.0,,1535.0,1524.0,5307.8,5.4,3.483,25.3,,20.8,32.0,16.5,0.0,,,,,,,,,500.0,,,,,,,,,,,,,,,,0.0,,,,,,,,,,,,,,,,,,,,,,,,,,,,,,,,,,,,,,,,,,,,,,,,,,,,""
2865856532,"Nov 15, 2019, 7:07:32 AM",Morning Run,Run,,1496,5.08,,,false,,,activities/2865856532.gpx,76.0,,1496.0,1496.0,5085.1,4.6,,25.4,,20.8,32.0,14.0,0.0,,,,,,,,,479.0,,,,,,,,,,,,,,,,0.0,,,,,,,,,,,,,,,,,,,,,,,,,,,,,,,,,,,,,,,,,,,,,,,,,,,,""
2797477946,"Oct 18, 2019, 6:00:43 AM",Morning Run,Run,,1487,5.11,,,false,,,activities/2797477946.gpx,76.0,,1487.0,1487.0,5116.7,4.9,,25.0,,20.8,32.0,12.7,0.0,,,,,,,,,482.0,,,,,,,,,,,,,,,,0.0,,,,,,,,,,,,,,,,,,,,,,,,,,,,,,,,,,,,,,,,,,,,,,,,,,,,""
2779486551,"Oct 11, 2019, 6:09:19 AM",Morning Run,Run,,1487,5.05,,,false,,,activities/2779486551.gpx,76.0,,1487.0,1487.0,5052.2,4.7,,20.6,,20.8,32.0,11.6,0.0,,,,,,,,,474.0,,,,,,,,,,,,,,,,0.0,,,,,,,,,,,,,,,,,,,,,,,,,,,,,,,,,,,,,,,,,,,,,,,,,,,,""
2758879501,"Oct 3, 2019, 6:06:54 AM",Morning Run,Run,,1407,4.65,,,false,,,activities/2758879501.gpx,76.0,,1407.0,1407.0,4650.5,4.7,,19.5,,21.6,32.0,10.6,0.0,,,,,,,,,437.0,,,,,,,,,,,,,,,,0.0,,,,,,,,,,,,,,,,,,,,,,,,,,,,,,,,,,,,,,,,,,,,,,,,,,,,""
2724193777,"Sep 20, 2019, 6:03:34 AM",Morning Run,Run,,1395,4.73,,,false,,,activities/2724193777.gpx,76.0,,1395.0,1381.0,4736.2,6.1,,16.7,,21.5,31.8,8.7,0.0,,,,,,,,,445.0,,,,,,,,,,,,,,,,0.0,,,,,,,,,,,,,,,,,,,,,,,,,,,,,,,,,,,,,,,,,,,,,,,,,,,,""
2720063393,"Sep 18, 2019, 5:11:48 PM",Evening Run,Run,,1151,3.60,,,false,,,activities/2720063393.gpx,76.0,,1151.0,1101.0,3599.2,5.6,,7.6,,16.9,22.2,11.8,-0.1,,,,,,,,,337.0,,,,,,,,,,,,,,,,0.0,,,,,,,,,,,,,,,,,,,,,,,,,,,,,,,,,,,,,,,,,,,,,,,,,,,,""
2661090967,"Aug 29, 2019, 7:48:14 AM",Morning Run,Run,,1431,4.76,,,false,,,activities/2661090967.gpx,76.0,,1431.0,1423.0,4763.1,5.6,,16.5,,21.6,31.8,9.1,0.0,,,,,,,,,447.0,,,,,,,,,,,,,,,,,,,,,,,,,,,,,,,,,,,,,,,,,,,,,,,,,,,,,,,,,,,,,,,,,,,,""
2637995642,"Aug 21, 2019, 11:03:17 AM",Lunch Run,Run,,1478,5.01,,,false,,,activities/2637995642.gpx,76.0,,1478.0,1438.0,5009.6,6.4,,3.1,,3.0,6.3,5.1,0.0,,,,,,,,,469.0,,,,,,,,,,,,,,,,,,,,,,,,,,,,,,,,,,,,,,,,,,,,,,,,,,,,,,,,,,,,,,,,,,,,""
2632150679,"Aug 19, 2019, 10:57:25 AM",Lunch Run,Run,,1410,5.06,,,false,,,activities/2632150679.gpx,76.0,,1410.0,1399.0,5065.9,6.0,,2.3,,3.0,6.3,5.6,0.0,,,,,,,,,474.0,,,,,,,,,,,,,,,,,,,,,,,,,,,,,,,,,,,,,,,,,,,,,,,,,,,,,,,,,,,,,,,,,,,,""
2623183808,"Aug 16, 2019, 6:45:00 AM",Morning Run,Run,,1494,5.02,,,false,,,activities/2623183808.gpx,76.0,,1494.0,1481.0,5027.1,5.7,,2.3,,3.0,6.3,5.3,0.0,,,,,,,,,470.0,,,,,,,,,,,,,,,,,,,,,,,,,,,,,,,,,,,,,,,,,,,,,,,,,,,,,,,,,,,,,,,,,,,,""
2614446766,"Aug 13, 2019, 6:43:40 AM",Morning Run,Run,,1448,5.06,,,false,,,activities/2614446766.gpx,76.0,,1448.0,1444.0,5066.2,7.0,,3.0,,3.0,6.3,4.6,0.0,,,,,,,,,474.0,,,,,,,,,,,,,,,,,,,,,,,,,,,,,,,,,,,,,,,,,,,,,,,,,,,,,,,,,,,,,,,,,,,,""
2596146843,"Aug 6, 2019, 4:24:08 PM",Afternoon Run,Run,,1473,5.08,,,false,,,activities/2596146843.gpx,76.0,,1473.0,1468.0,5088.8,6.1,,3.1,,3.0,6.3,4.5,0.0,,,,,,,,,476.0,,,,,,,,,,,,,,,,,,,,,,,,,,,,,,,,,,,,,,,,,,,,,,,,,,,,,,,,,,,,,,,,,,,,""
2596146870,"Aug 5, 2019, 4:39:56 PM",Afternoon Run,Run,,1441,4.98,,,false,,,activities/2596146870.gpx,76.0,,1441.0,1432.0,4988.6,6.4,,2.3,,3.0,6.3,3.6,0.0,,,,,,,,,466.0,,,,,,,,,,,,,,,,,,,,,,,,,,,,,,,,,,,,,,,,,,,,,,,,,,,,,,,,,,,,,,,,,,,,""
2580495007,"Aug 1, 2019, 6:21:17 AM",Morning Run,Run,,1472,5.02,,,false,,,activities/2580495007.gpx,76.0,,1472.0,1468.0,5026.0,5.6,,2.3,,3.0,6.3,4.9,0.0,,,,,,,,,470.0,,,,,,,,,,,,,,,,,,,,,,,,,,,,,,,,,,,,,,,,,,,,,,,,,,,,,,,,,,,,,,,,,,,,""
2573217591,"Jul 29, 2019, 4:43:57 PM",Afternoon Run,Run,,1430,5.07,,,false,,,activities/2573217591.gpx,76.0,,1430.0,1422.0,5072.6,8.1,,3.1,,3.0,6.3,5.0,0.0,,,,,,,,,475.0,,,,,,,,,,,,,,,,,,,,,,,,,,,,,,,,,,,,,,,,,,,,,,,,,,,,,,,,,,,,,,,,,,,,""
2561291871,"Jul 25, 2019, 6:56:04 AM",Morning Run,Run,,1563,5.04,,,false,,,activities/2561291871.gpx,76.0,,1563.0,1550.0,5043.0,6.2,,3.0,,3.0,6.3,5.3,0.0,,,,,,,,,472.0,,,,,,,,,,,,,,,,,,,,,,,,,,,,,,,,,,,,,,,,,,,,,,,,,,,,,,,,,,,,,,,,,,,,""
2555533780,"Jul 23, 2019, 6:55:17 AM",Morning Run,Run,,1514,5.05,,,false,,,activities/2555533780.gpx,76.0,,1514.0,1510.0,5053.1,7.9,,2.3,,3.0,6.3,5.1,0.0,,,,,,,,,473.0,,,,,,,,,,,,,,,,,,,,,,,,,,,,,,,,,,,,,,,,,,,,,,,,,,,,,,,,,,,,,,,,,,,,""
2540388930,"Jul 17, 2019, 4:43:52 PM",Afternoon Run,Run,,1477,5.09,,,false,,,activities/2540388930.gpx,76.0,,1477.0,1456.0,5094.5,6.5,,3.0,,3.0,6.3,4.6,0.0,,,,,,,,,477.0,,,,,,,,,,,,,,,,,,,,,,,,,,,,,,,,,,,,,,,,,,,,,,,,,,,,,,,,,,,,,,,,,,,,""
2528035106,"Jul 13, 2019, 11:02:33 AM",Lunch Run,Run,,1464,5.08,,,false,,,activities/2528035106.gpx,76.0,,1464.0,1460.0,5085.3,6.7,,2.3,,3.0,6.3,5.4,0.0,,,,,,,,,476.0,,,,,,,,,,,,,,,,,,,,,,,,,,,,,,,,,,,,,,,,,,,,,,,,,,,,,,,,,,,,,,,,,,,,""
2523547769,"Jul 11, 2019, 4:11:00 PM",Afternoon Run,Run,,1480,5.01,,,false,,,activities/2523547769.gpx,76.0,,1480.0,1462.0,5018.3,5.1,,3.0,,3.0,6.3,4.5,0.0,,,,,,,,,470.0,,,,,,,,,,,,,,,,,,,,,,,,,,,,,,,,,,,,,,,,,,,,,,,,,,,,,,,,,,,,,,,,,,,,""
2515059596,"Jul 8, 2019, 4:43:31 PM",Afternoon Run,Run,,1458,5.02,,,false,,,activities/2515059596.gpx,76.0,,1458.0,1432.0,5024.1,6.6,,2.3,,3.0,6.3,3.7,0.0,,,,,,,,,470.0,,,,,,,,,,,,,,,,,,,,,,,,,,,,,,,,,,,,,,,,,,,,,,,,,,,,,,,,,,,,,,,,,,,,""
2501218010,"Jul 3, 2019, 4:44:03 PM",Afternoon Run,Run,,1447,5.07,,,false,,,activities/2501218010.gpx,76.0,,1447.0,1447.0,5069.1,6.0,,3.1,,3.0,6.3,4.8,0.0,,,,,,,,,474.0,,,,,,,,,,,,,,,,,,,,,,,,,,,,,,,,,,,,,,,,,,,,,,,,,,,,,,,,,,,,,,,,,,,,""
2482479951,"Jun 26, 2019, 4:37:04 PM",Afternoon Run,Run,,1438,5.05,,,false,,,activities/2482479951.gpx,76.0,,1438.0,1438.0,5053.8,6.8,,2.3,,3.0,6.3,4.8,0.0,,,,,,,,,473.0,,,,,,,,,,,,,,,,,,,,,,,,,,,,,,,,,,,,,,,,,,,,,,,,,,,,,,,,,,,,,,,,,,,,""
2477039275,"Jun 24, 2019, 4:34:01 PM",Afternoon Run,Run,,1469,5.04,,,false,,,activities/2477039275.gpx,76.0,,1469.0,1469.0,5047.6,4.9,,3.0,,3.0,6.3,4.5,0.0,,,,,,,,,472.0,,,,,,,,,,,,,,,,,,,,,,,,,,,,,,,,,,,,,,,,,,,,,,,,,,,,,,,,,,,,,,,,,,,,""
2449394967,"Jun 14, 2019, 2:41:48 PM",Afternoon Run,Run,,1480,5.08,,,false,,,activities/2449394967.gpx,76.0,,,1428.0,5088.5,5.7,,2.3,,3.0,6.3,5.9,0.0,,,,,,,,,476.0,,,,,,,,,,,,,,,,,,,,,,,,,,,,,,,,,,,,,,,,,,,,,,,,,,,,,,,,,,,,,,,,,,,,""
2439572754,"Jun 10, 2019, 4:51:35 PM",Afternoon Run,Run,,1395,5.02,,,false,,,activities/2439572754.gpx,76.0,,,1370.0,5022.2,8.8,,2.3,,3.0,6.3,4.4,0.0,,,,,,,,,470.0,,,,,,,,,,,,,,,,,,,,,,,,,,,,,,,,,,,,,,,,,,,,,,,,,,,,,,,,,,,,,,,,,,,,""
2428750997,"Jun 6, 2019, 4:52:03 PM",Afternoon Run,Run,,1443,5.04,,,false,,,activities/2428750997.gpx,76.0,,,1432.0,5043.5,9.4,,3.1,,3.0,6.3,4.7,0.0,,,,,,,,,472.0,,,,,,,,,,,,,,,,,,,,,,,,,,,,,,,,,,,,,,,,,,,,,,,,,,,,,,,,,,,,,,,,,,,,""
2423268139,"Jun 4, 2019, 4:50:03 PM",Afternoon Run,Run,,1473,5.08,,,false,,,activities/2423268139.gpx,76.0,,,1467.0,5085.8,5.7,,3.1,,3.0,6.3,4.4,0.0,,,,,,,,,476.0,,,,,,,,,,,,,,,,,,,,,,,,,,,,,,,,,,,,,,,,,,,,,,,,,,,,,,,,,,,,,,,,,,,,""
2412050330,"May 31, 2019, 4:06:26 PM",Afternoon Run,Run,,1451,5.06,,,false,,,activities/2412050330.gpx,76.0,,,1435.0,5066.7,9.0,,2.3,,3.0,6.3,4.2,0.0,,,,,,,,,474.0,,,,,,,,,,,,,,,,,,,,,,,,,,,,,,,,,,,,,,,,,,,,,,,,,,,,,,,,,,,,,,,,,,,,""
2406993361,"May 29, 2019, 5:33:07 PM",Evening Run,Run,,1371,4.98,,,false,,,activities/2406993361.gpx,76.0,,,1366.0,4986.9,6.2,,3.0,,3.0,6.3,4.7,0.0,,,,,,,,,467.0,,,,,,,,,,,,,,,,,,,,,,,,,,,,,,,,,,,,,,,,,,,,,,,,,,,,,,,,,,,,,,,,,,,,""
2403152891,"May 28, 2019, 6:28:43 AM",Morning Run,Run,,1385,4.99,,,false,,,activities/2403152891.gpx,76.0,,,1385.0,4995.0,5.9,,2.3,,3.0,6.3,4.1,0.0,,,,,,,,,467.0,,,,,,,,,,,,,,,,,,,,,,,,,,,,,,,,,,,,,,,,,,,,,,,,,,,,,,,,,,,,,,,,,,,,""
2389965146,"May 23, 2019, 6:18:46 AM",Morning Run,Run,,1422,5.01,,,false,,,activities/2389965146.gpx,76.0,,,1403.0,5009.9,6.2,,3.1,,3.0,6.3,4.7,0.0,,,,,,,,,469.0,,,,,,,,,,,,,,,,,,,,,,,,,,,,,,,,,,,,,,,,,,,,,,,,,,,,,,,,,,,,,,,,,,,,""
2384370929,"May 21, 2019, 5:53:08 AM",Morning Run,Run,,1470,5.10,,,false,,,activities/2384370929.gpx,76.0,,,1465.0,5101.2,10.9,,3.0,,3.0,6.3,5.1,0.0,,,,,,,,,477.0,,,,,,,,,,,,,,,,,,,,,,,,,,,,,,,,,,,,,,,,,,,,,,,,,,,,,,,,,,,,,,,,,,,,""
2368843515,"May 15, 2019, 6:17:04 AM",Morning Run,Run,,1462,5.21,,,false,,,activities/2368843515.gpx,76.0,,,1462.0,5215.4,8.0,,3.0,,3.0,6.3,4.3,0.0,,,,,,,,,488.0,,,,,,,,,,,,,,,,,,,,,,,,,,,,,,,,,,,,,,,,,,,,,,,,,,,,,,,,,,,,,,,,,,,,""
2364616018,"May 13, 2019, 4:38:38 PM",Afternoon Run,Run,,1436,5.05,,,false,,,activities/2364616018.gpx,76.0,,,1411.0,5052.1,5.3,,3.1,,3.0,6.3,4.7,0.0,,,,,,,,,473.0,,,,,,,,,,,,,,,,,,,,,,,,,,,,,,,,,,,,,,,,,,,,,,,,,,,,,,,,,,,,,,,,,,,,""
2337885280,"May 3, 2019, 6:04:44 AM",Morning Run,Run,,1425,4.97,,,false,,,activities/2337885280.gpx,76.0,,,1420.0,4974.1,6.5,,2.3,,3.0,6.3,3.2,0.0,,,,,,,,,465.0,,,,,,,,,,,,,,,,,,,,,,,,,,,,,,,,,,,,,,,,,,,,,,,,,,,,,,,,,,,,,,,,,,,,""
2332255729,"May 1, 2019, 5:40:30 AM",Morning Run,Run,,1445,5.09,,,false,,,activities/2332255729.gpx,76.0,,,1440.0,5091.3,5.6,,3.1,,3.0,6.3,4.8,0.0,,,,,,,,,477.0,,,,,,,,,,,,,,,,,,,,,,,,,,,,,,,,,,,,,,,,,,,,,,,,,,,,,,,,,,,,,,,,,,,,""
2327379082,"Apr 29, 2019, 6:36:52 AM",Morning Run,Run,,1428,5.06,,,false,,,activities/2327379082.gpx,76.0,,1428.0,1428.0,5065.6,6.5,,3.0,,3.0,6.3,4.5,0.0,,,,,,,,,474.0,,,,,,,,,,,,,,,,0.0,,,,,,,,,,,,,,,,,,,,,,,,,,,,,,,,,,,,,,,,,,,,,,,,,,,,""
2313125479,"Apr 23, 2019, 4:35:17 PM",Afternoon Run,Run,,1407,5.02,,,false,,,activities/2313125479.gpx,76.0,,1407.0,1396.0,5027.8,6.6,,3.1,,3.0,6.3,4.4,0.0,,,,,,,,,471.0,,,,,,,,,,,,,,,,0.0,,,,,,,,,,,,,,,,,,,,,,,,,,,,,,,,,,,,,,,,,,,,,,,,,,,,""
2293325961,"Apr 16, 2019, 6:27:59 AM",Morning Run,Run,,1480,5.07,,,false,,,activities/2293325961.gpx,76.0,,1480.0,1467.0,5070.4,5.7,,3.1,,3.0,6.3,4.8,0.0,,,,,,,,,475.0,,,,,,,,,,,,,,,,0.0,,,,,,,,,,,,,,,,,,,,,,,,,,,,,,,,,,,,,,,,,,,,,,,,,,,,""
2276696407,"Apr 9, 2019, 11:18:34 AM",Lunch Run,Run,,1451,5.03,,,false,,,activities/2276696407.gpx,76.0,,1451.0,1451.0,5037.6,6.7,,2.3,,3.0,6.3,3.9,0.0,,,,,,,,,471.0,,,,,,,,,,,,,,,,0.0,,,,,,,,,,,,,,,,,,,,,,,,,,,,,,,,,,,,,,,,,,,,,,,,,,,,""
2273951873,"Apr 8, 2019, 6:32:35 AM",Morning Run,Run,,1437,5.08,,,false,,,activities/2273951873.gpx,76.0,,1437.0,1437.0,5088.7,7.5,,3.0,,3.0,6.3,4.5,0.0,,,,,,,,,476.0,,,,,,,,,,,,,,,,0.0,,,,,,,,,,,,,,,,,,,,,,,,,,,,,,,,,,,,,,,,,,,,,,,,,,,,""
2263801974,"Apr 4, 2019, 6:20:08 AM",Morning Run,Run,,1428,5.16,,,false,,,activities/2263801974.gpx,76.0,,1428.0,1428.0,5161.1,8.4,,3.0,,3.0,6.3,4.6,0.0,,,,,,,,,483.0,,,,,,,,,,,,,,,,0.0,,,,,,,,,,,,,,,,,,,,,,,,,,,,,,,,,,,,,,,,,,,,,,,,,,,,""
2248734403,"Mar 29, 2019, 7:40:32 AM",Morning Run,Run,,1629,4.60,,,false,,,activities/2248734403.gpx,76.0,,1629.0,1350.0,4601.5,6.5,,2.5,,3.6,6.3,9.4,0.0,,,,,,,,,431.0,,,,,,,,,,,,,,,,0.0,,,,,,,,,,,,,,,,,,,,,,,,,,,,,,,,,,,,,,,,,,,,,,,,,,,,""
2241295112,"Mar 26, 2019, 7:31:19 AM",Morning Run,Run,,1507,5.12,,,false,,,activities/2241295112.gpx,76.0,,1507.0,1495.0,5119.9,6.8,,3.1,,3.0,6.3,4.7,0.0,,,,,,,,,479.0,,,,,,,,,,,,,,,,0.0,,,,,,,,,,,,,,,,,,,,,,,,,,,,,,,,,,,,,,,,,,,,,,,,,,,,""
2226805160,"Mar 20, 2019, 12:19:30 PM",Lunch Run,Run,,1672,4.91,,,false,,,activities/2226805160.gpx,76.0,,1672.0,1411.0,4914.0,6.0,,2.3,,3.0,6.3,4.2,0.0,,,,,,,,,460.0,,,,,,,,,,,,,,,,0.0,,,,,,,,,,,,,,,,,,,,,,,,,,,,,,,,,,,,,,,,,,,,,,,,,,,,""
2215240731,"Mar 15, 2019, 5:08:34 PM",Afternoon Run,Run,,1469,5.03,,,false,,,activities/2215240731.gpx,76.0,,1469.0,1458.0,5032.1,5.1,,3.0,,3.0,6.3,4.7,0.0,,,,,,,,,471.0,,,,,,,,,,,,,,,,0.0,,,,,,,,,,,,,,,,,,,,,,,,,,,,,,,,,,,,,,,,,,,,,,,,,,,,""
2212239768,"Mar 14, 2019, 7:17:49 AM",Morning Run,Run,,1523,5.24,,,false,,,activities/2212239768.gpx,76.0,,1523.0,1500.0,5239.8,7.7,,3.0,,3.0,6.3,4.3,0.0,,,,,,,,,490.0,,,,,,,,,,,,,,,,0.0,,,,,,,,,,,,,,,,,,,,,,,,,,,,,,,,,,,,,,,,,,,,,,,,,,,,""
2207770105,"Mar 12, 2019, 7:12:56 AM",Morning Run,Run,,1477,5.26,,,false,,,activities/2207770105.gpx,76.0,,1477.0,1454.0,5267.4,9.2,,3.0,,3.0,6.3,4.1,0.0,,,,,,,,,493.0,,,,,,,,,,,,,,,,0.0,,,,,,,,,,,,,,,,,,,,,,,,,,,,,,,,,,,,,,,,,,,,,,,,,,,,""
2198587899,"Mar 8, 2019, 7:16:17 AM",Morning Run,Run,,1498,5.08,,,false,,,activities/2198587899.gpx,76.0,,1498.0,1486.0,5084.4,6.4,,2.2,,3.0,6.3,3.5,0.0,,,,,,,,,475.0,,,,,,,,,,,,,,,,0.0,,,,,,,,,,,,,,,,,,,,,,,,,,,,,,,,,,,,,,,,,,,,,,,,,,,,""
2196509293,"Mar 7, 2019, 7:22:52 AM",Morning Run,Run,,1492,5.05,,,false,,,activities/2196509293.gpx,76.0,,1492.0,1469.0,5058.1,6.5,,2.3,,3.0,6.3,3.8,0.0,,,,,,,,,473.0,,,,,,,,,,,,,,,,0.0,,,,,,,,,,,,,,,,,,,,,,,,,,,,,,,,,,,,,,,,,,,,,,,,,,,,""
2185007322,"Mar 2, 2019, 7:08:09 AM",Morning Run,Run,,1488,5.07,,,false,,,activities/2185007322.gpx,76.0,,1488.0,1482.0,5076.7,7.1,,2.3,,3.0,6.3,3.8,0.0,,,,,,,,,475.0,,,,,,,,,,,,,,,,0.0,,,,,,,,,,,,,,,,,,,,,,,,,,,,,,,,,,,,,,,,,,,,,,,,,,,,""
2176577315,"Feb 26, 2019, 12:29:27 PM",Lunch Run,Run,,1462,5.04,,,false,,,activities/2176577315.gpx,76.0,,1462.0,1452.0,5043.6,8.6,,2.3,,3.0,6.3,4.1,0.0,,,,,,,,,472.0,,,,,,,,,,,,,,,,0.0,,,,,,,,,,,,,,,,,,,,,,,,,,,,,,,,,,,,,,,,,,,,,,,,,,,,""
2167405389,"Feb 22, 2019, 5:09:21 PM",Afternoon Run,Run,,1394,4.16,,,false,,,activities/2167405389.gpx,76.0,,1394.0,1187.0,4166.8,8.0,,2.1,,3.6,6.3,4.0,0.0,,,,,,,,,390.0,,,,,,,,,,,,,,,,0.0,,,,,,,,,,,,,,,,,,,,,,,,,,,,,,,,,,,,,,,,,,,,,,,,,,,,""
2161876620,"Feb 20, 2019, 7:13:45 AM",Morning Run,Run,,1466,5.04,,,false,,,activities/2161876620.gpx,76.0,,1466.0,1441.0,5045.7,7.3,,2.3,,3.0,6.3,4.0,0.0,,,,,,,,,472.0,,,,,,,,,,,,,,,,0.0,,,,,,,,,,,,,,,,,,,,,,,,,,,,,,,,,,,,,,,,,,,,,,,,,,,,""
2159472931,"Feb 19, 2019, 7:02:15 AM",Morning Run,Run,,1474,5.06,,,false,,,activities/2159472931.gpx,76.0,,1474.0,1474.0,5064.8,7.3,,2.3,,3.0,6.3,3.7,0.0,,,,,,,,,474.0,,,,,,,,,,,,,,,,0.0,,,,,,,,,,,,,,,,,,,,,,,,,,,,,,,,,,,,,,,,,,,,,,,,,,,,""
2155790080,"Feb 17, 2019, 3:17:38 PM",Afternoon Run,Run,,1480,4.99,,,false,,,activities/2155790080.gpx,76.0,,1480.0,1470.0,4992.0,5.1,,2.3,,3.0,6.3,3.8,0.0,,,,,,,,,467.0,,,,,,,,,,,,,,,,0.0,,,,,,,,,,,,,,,,,,,,,,,,,,,,,,,,,,,,,,,,,,,,,,,,,,,,""
2140481302,"Feb 12, 2019, 7:34:22 AM",Morning Run,Run,,1492,5.10,,,false,,,activities/2140481302.gpx,76.0,,1492.0,1492.0,5106.2,6.0,,2.3,,3.0,6.3,3.6,0.0,,,,,,,,,477.0,,,,,,,,,,,,,,,,0.0,,,,,,,,,,,,,,,,,,,,,,,,,,,,,,,,,,,,,,,,,,,,,,,,,,,,""
2127469565,"Feb 6, 2019, 7:03:44 AM",Morning Run,Run,,1496,5.04,,,false,,,activities/2127469565.gpx,76.0,,1496.0,1496.0,5043.6,6.0,,2.3,,3.0,6.3,4.1,0.0,,,,,,,,,472.0,,,,,,,,,,,,,,,,0.0,,,,,,,,,,,,,,,,,,,,,,,,,,,,,,,,,,,,,,,,,,,,,,,,,,,,""
2125142312,"Feb 5, 2019, 7:04:43 AM",Morning Run,Run,,1555,5.09,,,false,,,activities/2125142312.gpx,76.0,,1555.0,1542.0,5093.8,6.0,,2.3,,3.0,6.3,3.0,0.0,,,,,,,,,476.0,,,,,,,,,,,,,,,,0.0,,,,,,,,,,,,,,,,,,,,,,,,,,,,,,,,,,,,,,,,,,,,,,,,,,,,""
2118474142,"Feb 2, 2019, 8:43:16 AM",Morning Run,Run,,1504,4.99,,,false,,,activities/2118474142.gpx,76.0,,1504.0,1491.0,4995.5,5.8,,2.3,,3.0,6.3,3.8,0.0,,,,,,,,,467.0,,,,,,,,,,,,,,,,0.0,,,,,,,,,,,,,,,,,,,,,,,,,,,,,,,,,,,,,,,,,,,,,,,,,,,,""
2101690200,"Jan 25, 2019, 7:04:37 AM",Morning Run,Run,,1576,5.01,,,false,,,activities/2101690200.gpx,76.0,,1576.0,1572.0,5018.4,6.0,,2.3,,3.0,6.3,5.3,0.0,,,,,,,,,469.0,,,,,,,,,,,,,,,,0.0,,,,,,,,,,,,,,,,,,,,,,,,,,,,,,,,,,,,,,,,,,,,,,,,,,,,""
2093253245,"Jan 21, 2019, 6:58:25 AM",Morning Run,Run,,1636,5.05,,,false,,,activities/2093253245.gpx,76.0,,1636.0,1623.0,5050.4,6.6,,2.3,,3.0,6.3,4.9,0.0,,,,,,,,,472.0,,,,,,,,,,,,,,,,0.0,,,,,,,,,,,,,,,,,,,,,,,,,,,,,,,,,,,,,,,,,,,,,,,,,,,,""
2079784915,"Jan 15, 2019, 9:25:43 AM",Morning Run,Run,,1538,5.00,,,false,,,activities/2079784915.gpx,76.0,,1538.0,1538.0,5000.0,5.6,,2.3,,3.0,6.3,3.8,0.0,,,,,,,,,467.0,,,,,,,,,,,,,,,,0.0,,,,,,,,,,,,,,,,,,,,,,,,,,,,,,,,,,,,,,,,,,,,,,,,,,,,""
2077659661,"Jan 14, 2019, 9:34:53 AM",Morning Run,Run,,1495,5.00,,,false,,,activities/2077659661.gpx,76.0,,1495.0,1495.0,4999.6,5.8,,2.3,,3.0,6.3,3.5,0.0,,,,,,,,,467.0,,,,,,,,,,,,,,,,0.0,,,,,,,,,,,,,,,,,,,,,,,,,,,,,,,,,,,,,,,,,,,,,,,,,,,,""
2075315458,"Jan 13, 2019, 11:08:12 AM",Lunch Run,Run,,1481,5.01,,,false,,,activities/2075315458.gpx,76.0,,1481.0,1479.0,5012.0,5.7,,3.0,,3.0,6.3,4.7,0.0,,,,,,,,,469.0,,,,,,,,,,,,,,,,0.0,,,,,,,,,,,,,,,,,,,,,,,,,,,,,,,,,,,,,,,,,,,,,,,,,,,,""
2061842436,"Jan 7, 2019, 12:15:09 PM",Lunch Run,Run,,1317,4.39,,,false,,,activities/2061842436.gpx,76.0,,1317.0,1300.0,4390.4,6.2,,0.0,,3.0,6.4,4.3,0.0,,,,,,,,,411.0,,,,,,,,,,,,,,,,0.0,,,,,,,,,,,,,,,,,,,,,,,,,,,,,,,,,,,,,,,,,,,,,,,,,,,,""
2054369356,"Jan 4, 2019, 8:14:00 AM",Morning Run,Run,,1615,4.98,,,false,,,activities/2054369356.gpx,76.0,,1615.0,1585.0,4987.4,7.3,,2.5,,3.0,6.4,4.9,0.0,,,,,,,,,467.0,,,,,,,,,,,,,,,,0.0,,,,,,,,,,,,,,,,,,,,,,,,,,,,,,,,,,,,,,,,,,,,,,,,,,,,""
2006723586,"Dec 8, 2018, 3:51:11 PM",Afternoon Run,Run,,1517,5.10,,,false,,,activities/2006723586.gpx,76.0,,1517.0,1505.0,5101.7,6.0,,2.4,,3.0,6.4,3.7,0.0,,,,,,,,,477.0,,,,,,,,,,,,,,,,0.0,,,,,,,,,,,,,,,,,,,,,,,,,,,,,,,,,,,,,,,,,,,,,,,,,,,,""
2002676358,"Dec 6, 2018, 6:09:48 AM",Morning Run,Run,,1573,5.03,,,false,,,activities/2002676358.gpx,76.0,,1573.0,1569.0,5037.0,5.7,,2.5,,3.0,6.4,5.1,0.0,,,,,,,,,471.0,,,,,,,,,,,,,,,,0.0,,,,,,,,,,,,,,,,,,,,,,,,,,,,,,,,,,,,,,,,,,,,,,,,,,,,""
1997500775,"Dec 3, 2018, 5:42:36 AM",Morning Run,Run,,1665,5.12,,,false,,,activities/1997500775.gpx,76.0,,1665.0,1655.0,5128.0,8.4,,2.4,,3.0,6.4,5.2,0.0,,,,,,,,,480.0,,,,,,,,,,,,,,,,0.0,,,,,,,,,,,,,,,,,,,,,,,,,,,,,,,,,,,,,,,,,,,,,,,,,,,,""
1921133471,"Oct 22, 2018, 5:26:58 PM",Evening Run,Run,,1543,4.60,,,false,,,activities/1921133471.gpx,76.0,,1543.0,1515.0,4601.7,5.1,,26.7,,3.2,30.3,5.4,0.6,,,,,,,,,436.0,,,,,,,,,,,,,,,,0.0,,,,,,,,,,,,,,,,,,,,,,,,,,,,,,,,,,,,,,,,,,,,,,,,,,,,""
1894477775,"Oct 9, 2018, 5:27:57 PM",Evening Run,Run,,1635,4.76,,,false,,,activities/1894477775.gpx,76.0,,1635.0,1543.0,4762.7,6.1,,35.7,,7.0,29.9,10.3,0.4,,,,,,,,,453.0,,,,,,,,,,,,,,,,0.0,,,,,,,,,,,,,,,,,,,,,,,,,,,,,,,,,,,,,,,,,,,,,,,,,,,,""
1892512092,"Oct 8, 2018, 6:07:01 PM",Evening Run,Run,,1662,5.38,,,false,,,activities/1892512092.gpx,76.0,,1662.0,1636.0,5385.4,5.9,,31.1,,20.0,36.0,13.2,0.0,,,,,,,,,507.0,,,,,,,,,,,,,,,,0.0,,,,,,,,,,,,,,,,,,,,,,,,,,,,,,,,,,,,,,,,,,,,,,,,,,,,""
1863273257,"Sep 24, 2018, 6:05:57 PM",Evening Run,Run,,1599,5.37,,,false,,,activities/1863273257.gpx,76.0,,1599.0,1579.0,5370.3,4.6,,26.3,,20.0,35.2,10.5,0.0,,,,,,,,,506.0,,,,,,,,,,,,,,,,0.0,,,,,,,,,,,,,,,,,,,,,,,,,,,,,,,,,,,,,,,,,,,,,,,,,,,,""
1835049672,"Sep 11, 2018, 6:18:20 PM",Evening Run,Run,,1552,5.31,,,false,,,activities/1835049672.gpx,76.0,,1552.0,1548.0,5311.4,5.8,,28.4,,20.0,35.4,11.1,-0.1,,,,,,,,,499.0,,,,,,,,,,,,,,,,0.0,,,,,,,,,,,,,,,,,,,,,,,,,,,,,,,,,,,,,,,,,,,,,,,,,,,,""
1832796548,"Sep 10, 2018, 6:09:24 PM",Evening Run,Run,,1632,5.45,,,false,,,activities/1832796548.gpx,76.0,,1632.0,1575.0,5449.3,4.8,,28.9,,20.0,35.3,11.2,0.0,,,,,,,,,513.0,,,,,,,,,,,,,,,,0.0,,,,,,,,,,,,,,,,,,,,,,,,,,,,,,,,,,,,,,,,,,,,,,,,,,,,""
1819367115,"Sep 4, 2018, 6:01:57 PM",Evening Run,Run,,1589,5.38,,,false,,,activities/1819367115.gpx,76.0,,1589.0,1554.0,5385.1,4.7,,30.1,,20.0,36.0,11.0,0.0,,,,,,,,,507.0,,,,,,,,,,,,,,,,0.0,,,,,,,,,,,,,,,,,,,,,,,,,,,,,,,,,,,,,,,,,,,,,,,,,,,,""
1808142793,"Aug 30, 2018, 6:06:37 PM",Evening Run,Run,,1622,5.33,,,false,,,activities/1808142793.gpx,76.0,,1622.0,1603.0,5338.1,5.9,,27.9,,20.0,35.3,11.1,-0.1,,,,,,,,,501.0,,,,,,,,,,,,,,,,0.0,,,,,,,,,,,,,,,,,,,,,,,,,,,,,,,,,,,,,,,,,,,,,,,,,,,,""
1805938907,"Aug 29, 2018, 6:08:54 PM",Evening Run,Run,,1641,5.38,,,false,,,activities/1805938907.gpx,76.0,,1641.0,1582.0,5387.7,5.0,,29.9,,20.0,36.0,10.3,0.0,,,,,,,,,507.0,,,,,,,,,,,,,,,,0.0,,,,,,,,,,,,,,,,,,,,,,,,,,,,,,,,,,,,,,,,,,,,,,,,,,,,""
1785773537,"Aug 20, 2018, 6:01:43 PM",Evening Run,Run,,1627,5.48,,,false,,,activities/1785773537.gpx,76.0,,1627.0,1580.0,5485.2,5.8,,30.0,,20.0,36.0,11.2,0.0,,,,,,,,,516.0,,,,,,,,,,,,,,,,0.0,,,,,,,,,,,,,,,,,,,,,,,,,,,,,,,,,,,,,,,,,,,,,,,,,,,,""
1774598236,"Aug 15, 2018, 6:15:21 PM",Evening Run,Run,,1648,5.45,,,false,,,activities/1774598236.gpx,76.0,,1648.0,1592.0,5457.6,5.1,,28.1,,20.0,36.0,11.3,0.0,,,,,,,,,513.0,,,,,,,,,,,,,,,,0.0,,,,,,,,,,,,,,,,,,,,,,,,,,,,,,,,,,,,,,,,,,,,,,,,,,,,""
1769834149,"Aug 13, 2018, 5:59:02 PM",Evening Run,Run,,1638,5.29,,,false,,,activities/1769834149.gpx,76.0,,1638.0,1613.0,5295.7,5.2,,29.5,,20.0,36.0,9.7,0.0,,,,,,,,,499.0,,,,,,,,,,,,,,,,0.0,,,,,,,,,,,,,,,,,,,,,,,,,,,,,,,,,,,,,,,,,,,,,,,,,,,,""
1756546012,"Aug 7, 2018, 5:59:08 PM",Evening Run,Run,,1746,5.23,,,false,,,activities/1756546012.gpx,76.0,,1746.0,1674.0,5234.9,4.3,,28.0,,20.0,36.0,11.1,0.0,,,,,,,,,492.0,,,,,,,,,,,,,,,,0.0,,,,,,,,,,,,,,,,,,,,,,,,,,,,,,,,,,,,,,,,,,,,,,,,,,,,""
1736335814,"Jul 29, 2018, 5:50:27 PM",Evening Run,Run,,1636,5.32,,,false,,,activities/1736335814.gpx,76.0,,1636.0,1593.0,5321.6,4.7,,29.9,,20.0,36.0,11.1,0.0,,,,,,,,,501.0,,,,,,,,,,,,,,,,0.0,,,,,,,,,,,,,,,,,,,,,,,,,,,,,,,,,,,,,,,,,,,,,,,,,,,,""
1730545820,"Jul 27, 2018, 5:36:40 AM",Morning Run,Run,,1528,4.73,,,false,,,activities/1730545820.gpx,76.0,,1528.0,1520.0,4730.5,4.6,,20.7,,20.0,36.0,6.7,-0.2,,,,,,,,,442.0,,,,,,,,,,,,,,,,0.0,,,,,,,,,,,,,,,,,,,,,,,,,,,,,,,,,,,,,,,,,,,,,,,,,,,,""
1709094893,"Jul 17, 2018, 6:02:00 PM",Evening Run,Run,,1704,5.50,,,false,,,activities/1709094893.gpx,76.0,,1704.0,1639.0,5505.2,4.6,,27.6,,20.0,35.9,12.3,0.0,,,,,,,,,519.0,,,,,,,,,,,,,,,,0.0,,,,,,,,,,,,,,,,,,,,,,,,,,,,,,,,,,,,,,,,,,,,,,,,,,,,""
1672101519,"Jun 30, 2018, 3:59:45 PM",Afternoon Run,Run,,1219,3.81,,,false,,,activities/1672101519.gpx,76.0,,1219.0,1187.0,3813.4,4.6,,12.0,,21.0,36.0,6.5,-0.2,,,,,,,,,356.0,,,,,,,,,,,,,,,,0.0,,,,,,,,,,,,,,,,,,,,,,,,,,,,,,,,,,,,,,,,,,,,,,,,,,,,""
1641231848,"Jun 16, 2018, 6:43:07 AM",Morning Run,Run,,1435,4.70,,,false,,,activities/1641231848.gpx,76.0,,1435.0,1420.0,4705.0,7.9,,18.7,,-2.0,10.0,20.0,0.0,,,,,,,,,443.0,,,,,,,,,,,,,,,,0.0,,,,,,,,,,,,,,,,,,,,,,,,,,,,,,,,,,,,,,,,,,,,,,,,,,,,""
1619277706,"Jun 5, 2018, 6:08:21 PM",Evening Run,Run,,1556,5.25,,,false,,,activities/1619277706.gpx,76.0,,1556.0,1461.0,5257.9,5.1,,26.1,,20.0,35.0,11.0,0.0,,,,,,,,,495.0,,,,,,,,,,,,,,,,0.0,,,,,,,,,,,,,,,,,,,,,,,,,,,,,,,,,,,,,,,,,,,,,,,,,,,,""
1609806886,"Jun 1, 2018, 11:28:30 AM",Lunch Run,Run,,1564,5.01,,,false,,,activities/1609806886.gpx,76.0,,1564.0,1507.0,5011.8,4.6,,31.2,,9.0,28.0,10.6,0.2,,,,,,,,,474.0,,,,,,,,,,,,,,,,0.0,,,,,,,,,,,,,,,,,,,,,,,,,,,,,,,,,,,,,,,,,,,,,,,,,,,,""
1590640465,"May 23, 2018, 11:23:20 AM",Lunch Run,Run,,1552,5.14,,,false,,,activities/1590640465.gpx,76.0,,1552.0,1539.0,5139.3,10.8,,25.7,,9.0,25.9,7.4,0.1,,,,,,,,,485.0,,,,,,,,,,,,,,,,0.0,,,,,,,,,,,,,,,,,,,,,,,,,,,,,,,,,,,,,,,,,,,,,,,,,,,,""
1579668255,"May 18, 2018, 11:21:24 AM",Lunch Run,Run,,1542,5.09,,,false,,,activities/1579668255.gpx,76.0,,1542.0,1458.0,5098.0,5.3,,31.1,,9.0,28.0,10.8,0.2,,,,,,,,,482.0,,,,,,,,,,,,,,,,0.0,,,,,,,,,,,,,,,,,,,,,,,,,,,,,,,,,,,,,,,,,,,,,,,,,,,,""
1561974995,"May 10, 2018, 11:26:22 AM",Lunch Run,Run,,1964,5.84,,,false,,,activities/1561974995.gpx,76.0,,1964.0,1810.0,5843.8,5.3,,48.3,,17.0,53.0,35.8,0.1,,,,,,,,,559.0,,,,,,,,,,,,,,,,0.0,,,,,,,,,,,,,,,,,,,,,,,,,,,,,,,,,,,,,,,,,,,,,,,,,,,,""
1517485934,"Apr 19, 2018, 5:47:30 AM",Morning Run,Run,"",1725,5.08,,,false,,,activities/1517485934.gpx,76.0,,1725.0,1557.0,5081.9,4.6,,26.6,,20.0,36.0,11.3,0.0,,,,,,,,,478.0,,,,,,,,,,,,,,,,0.0,,,,,,,,,,,,,,,,,,,,,,,,,,,,,,,,,,,,,,,,,,,,,,,,,,,,""
1496357488,"Apr 8, 2018, 11:03:20 AM",Lunch Run,Run,,1839,5.20,,,false,,,activities/1496357488.gpx,76.0,,1839.0,1817.0,5208.4,4.0,,27.0,,20.0,38.5,11.4,0.0,,,,,,,,,490.0,,,,,,,,,,,,,,,,0.0,,,,,,,,,,,,,,,,,,,,,,,,,,,,,,,,,,,,,,,,,,,,,,,,,,,,""
